store,dept,weeks,window_sales,baseline_sales,yoy_lift_dollars,window_sales_holiday,baseline_sales_holiday
1,1,52,1194555.23,1164646.5,29908.72999999999,99572.98999999999,93578.72
1,2,52,2438728.55,2366409.96,72318.59000000003,185725.09,172413.01
1,3,52,701993.63,661929.49,40064.14,48923.36,43179.479999999996
1,4,52,1989893.33,1888768.72,101124.60999999999,162789.76,155594.36
1,5,52,1345923.6,1327909.23,18014.370000000003,170654.1,158183.11
1,6,52,238277.4,257081.92,-18804.519999999997,35174.920000000006,36732.17
1,7,52,1294087.6099999999,1388899.53,-94811.92000000001,147927.82,134608.0
1,8,52,1951056.15,1810144.79,140911.36,142647.72999999998,137109.02
1,9,52,1586888.68,1403446.64,183442.03999999998,133327.54,118904.84999999999
1,10,52,1655158.24,1582757.51,72400.73,125641.09999999999,123945.09
1,11,52,1329284.38,1320024.56,9259.820000000007,101618.12,91228.92
1,12,52,539913.58,543193.76,-3280.1800000000057,37669.24,35102.41
1,13,52,2059285.49,1956387.45,102898.04000000004,158912.59,147382.27
1,14,52,845316.87,801045.3200000001,44271.54999999999,97624.23,89290.35
1,16,52,1211538.16,1127391.5,84146.65999999999,47316.75,41767.17
1,17,52,457043.29,479542.54,-22499.250000000007,42122.46,43044.89
1,18,40,375451.19,373278.44,2172.7499999999886,64680.28,69487.41
1,19,52,56827.0,59897.79,-3070.7900000000004,3909.8,4684.63
1,20,52,221969.38,196440.79,25528.59,19827.92,16579.59
1,21,52,406411.56,402706.48,3705.079999999997,34213.17,31522.33
1,22,52,419665.19,431134.51,-11469.320000000007,50714.13,47909.11
1,23,52,1139095.16,1135063.87,4031.290000000001,98594.8,90472.29000000001
1,24,52,325969.19,312733.65,13235.539999999995,28277.96,28385.43
1,25,52,533754.16,505335.78,28418.379999999997,38965.479999999996,36412.52
1,26,52,345376.02,339984.05,5391.970000000001,27858.38,28878.3
1,27,52,80332.37,70073.2,10259.17,8302.5,6153.58
1,28,52,27739.41,30995.26,-3255.8499999999995,2360.45,2713.42
1,29,52,238649.88,243272.18,-4622.299999999998,23616.559999999998,21306.27
1,30,52,155464.57,177796.73,-22332.160000000003,12235.17,12288.720000000001
1,31,52,111863.88,133149.38,-21285.5,7297.51,8991.369999999999
1,32,52,426533.19,439841.03,-13307.84,43717.03,39741.15
1,33,52,316267.85,294097.66,22170.19,27105.19,25081.58
1,34,52,638709.5,565530.22,73179.28,49849.68,47310.78
1,35,52,125589.8,135584.78,-9994.980000000001,10704.46,10125.21
1,36,52,85692.45,74113.04,11579.41,7684.6900000000005,4628.72
1,37,52,142123.09,143410.89,-1287.8000000000027,11505.06,12197.060000000001
1,38,52,4044365.3,3922378.47,121986.82999999996,269939.08,270942.37
1,40,52,3096356.99,3024534.9,71822.09000000003,237352.41,238528.44
1,41,52,45846.41,55713.36,-9866.949999999999,7435.04,5298.65
1,42,52,412560.9,403350.94,9209.960000000003,30502.4,30040.03
1,44,52,276112.81,243118.75,32994.06,22345.8,20628.18
1,45,11,268.28000000000003,333.63,-65.35,58.35,23.44
1,46,52,1052402.07,1038243.27,14158.799999999996,87610.75,80139.59
1,47,2,-430.0,89.0,-519.0,0,0
1,48,42,63247.0,32409.0,30838.0,7216.0,2828.0
1,49,52,567736.13,609190.8,-41454.67,50423.47,41420.79
1,52,52,108198.88,123391.93,-15193.05,9462.880000000001,9246.13
1,54,43,2003.96,2336.26,-332.30000000000007,234.14000000000001,156.48000000000002
1,55,52,663961.51,694655.31,-30693.800000000014,85393.17,80838.6
1,56,52,194508.3,191961.53,2546.7700000000013,7586.04,4849.29
1,58,52,170713.97,152551.91,18162.06,12025.0,11043.0
1,59,52,29562.61,58941.700000000004,-29379.09,5152.65,8649.550000000001
1,60,52,51731.2,54329.4,-2598.2,4104.8,4248.6
1,67,52,387284.18,363503.07,23781.109999999997,31609.68,30204.050000000003
1,71,52,149396.88999999998,137587.56,11809.329999999998,19442.03,14073.92
1,72,52,2620774.62,2464710.47,156064.15000000002,401738.92,354134.27
1,74,52,614362.14,582573.1,31789.040000000005,59590.2,57780.32
1,79,52,1830114.53,1723582.98,106531.54999999999,147071.0,124836.46
1,80,52,998921.21,847997.17,150924.04,75622.09,66070.36
1,81,52,1601845.79,1512720.02,89125.76999999999,119353.26000000001,115133.45999999999
1,82,52,1117266.72,1131304.22,-14037.5,93895.68,91889.88
1,83,52,305503.08,291300.52,14202.56,21316.33,21529.19
1,85,52,177011.0,185399.14,-8388.140000000001,13609.02,14049.42
1,87,52,2686649.89,2511116.61,175533.28,215460.8,191041.04
1,90,52,4631610.7,4253037.79,378572.91,373171.21,331251.33999999997
1,91,52,3450971.03,3323040.84,127930.18999999997,256727.16999999998,251042.77000000002
1,92,52,7567701.91,6927506.0,640195.9099999999,625488.94,571402.52
1,93,52,4007422.63,3727706.99,279715.64,316126.16000000003,297147.29
1,94,52,3287676.68,3323741.13,-36064.45000000004,251154.82,237805.79
1,95,52,6430601.06,6210985.84,219615.22,471743.37,451003.88
1,96,52,1888487.76,1657807.76,230680.0,152522.6,129117.03
1,97,52,1881043.75,1853733.51,27310.240000000013,139508.01,133611.41
1,98,52,656975.9,603448.06,53527.84,58640.45,54039.990000000005
1,99,7,425.24,1170.0,-744.76,0.05,40.0
2,1,52,1634691.22,1563164.99,71526.23000000003,123306.09,126928.61
2,2,52,3446290.71,3358059.12,88231.59,258094.24000000002,253563.08
2,3,52,901558.49,878748.66,22809.829999999998,62523.72,51822.64
2,4,52,2395433.08,2347789.03,47644.04999999999,199023.04,201053.41999999998
2,5,52,1605395.73,1702996.78,-97601.05000000003,199980.03,201979.41999999998
2,6,52,303084.33,376328.1,-73243.77,40309.13,44721.64
2,7,52,2284595.5,2258536.51,26058.990000000053,239996.84,232282.3
2,8,52,3109001.89,2985247.22,123754.66999999998,232415.41,235259.91999999998
2,9,52,1840098.2,1727152.76,112945.44000000002,157999.73,148235.11000000002
2,10,52,2008006.65,1983387.02,24619.629999999994,155433.14,157357.93
2,11,52,1203964.6,1236569.94,-32605.34000000002,94259.31,95298.61
2,12,52,397792.29,374844.59,22947.699999999993,26322.629999999997,25677.23
2,13,52,2364735.82,2326801.37,37934.450000000004,175977.72,187692.59
2,14,52,1184176.64,1109116.01,75060.62999999999,139718.06,121864.79000000001
2,16,52,1304936.11,1250236.07,54700.04,51614.29,43903.4
2,17,52,761745.67,693372.54,68373.13,73843.04,61752.61
2,18,38,577862.23,551932.3200000001,25929.90999999999,100756.23999999999,102277.39
2,19,52,191666.97,216866.18,-25199.21,14554.11,18041.87
2,20,52,301651.87,273574.34,28077.529999999995,25911.22,25117.05
2,21,52,467265.49,518901.54,-51636.05,38638.68,41476.29
2,22,52,708570.35,672002.46,36567.89,75781.63,69978.66
2,23,52,1546713.57,1514808.76,31904.80999999999,121753.75,115796.68
2,24,52,417188.61,441069.79,-23881.180000000008,34056.26,36548.45
2,25,52,766174.08,788017.79,-21843.710000000006,54840.58,59944.58
2,26,52,469111.91,480281.49,-11169.580000000005,38376.42,42654.57
2,27,52,99863.33,98415.85,1447.4800000000014,9371.27,9451.77
2,28,52,36414.840000000004,41594.95,-5180.11,3168.64,3703.89
2,29,52,366328.89,371956.38,-5627.489999999991,35301.36,33235.93
2,30,52,224537.18,254200.23,-29663.050000000003,18163.86,19434.96
2,31,52,200740.59,208509.85,-7769.26,12706.02,13832.05
2,32,52,608957.05,609804.08,-847.0300000000034,55479.009999999995,47244.78
2,33,52,380621.91,394275.38,-13653.470000000001,30787.17,34770.51
2,34,52,908580.0700000001,870724.65,37855.420000000006,62965.35,64315.75
2,35,52,198881.62,206017.54,-7135.920000000001,14370.599999999999,14122.92
2,36,52,137225.65,126996.47,10229.18,8884.01,5986.299999999999
2,37,52,233841.93,224001.96,9839.969999999998,18672.89,16986.45
2,38,52,4077747.68,4433050.42,-355302.73999999993,321699.26,325900.42
2,40,52,4098658.78,3970424.07,128234.70999999992,306559.02,317688.46
2,41,52,127387.59,144884.69,-17497.1,12053.779999999999,11693.5
2,42,52,462109.47,437099.1,25010.369999999995,33985.84,32565.300000000003
2,44,52,393980.83,375618.25,18362.580000000005,33812.51,31449.379999999997
2,45,7,154.55,234.07999999999998,-79.53,0,0
2,46,52,1603135.76,1546029.94,57105.81999999999,136076.64,122249.86
2,47,1,59.5,-1098.0,1157.5,0,0
2,48,50,89256.28,57458.08,31798.2,9148.0,5376.9400000000005
2,49,52,813752.18,802077.17,11675.010000000002,57910.17,47635.95
2,52,52,210851.78,216101.67,-5249.890000000003,20662.449999999997,17304.19
2,54,45,2181.34,2836.84,-655.5,258.56,318.6
2,55,52,644213.28,728892.27,-84678.98999999999,84892.02,91197.01
2,56,52,269993.5,263376.32,6617.179999999996,8081.3,8038.639999999999
2,58,52,1178467.0,984308.91,194158.09,113105.5,91318.0
2,59,52,51262.9,102710.24,-51447.34,11971.45,18790.31
2,60,47,13942.2,9141.0,4801.2,778.8,401.2
2,67,52,617749.45,611074.41,6675.0399999999945,46975.159999999996,49932.18
2,71,52,263454.38,230425.52,33028.86,24698.05,23842.010000000002
2,72,52,3938561.63,3958492.43,-19930.79999999999,552568.2000000001,540432.98
2,74,52,881338.39,862314.22,19024.17000000001,84505.0,90775.62
2,79,52,1664742.99,1688896.84,-24153.84999999998,132877.67,128184.73
2,80,52,1350610.2,1341930.42,8679.77999999998,101841.13,103818.9
2,81,52,1624589.43,1579713.37,44876.060000000005,119833.99,124269.73999999999
2,82,52,1406448.15,1308540.88,97907.27000000002,124285.01000000001,103092.43
2,83,52,302884.77999999997,287666.03,15218.75,21236.52,22147.07
2,85,52,167018.57,197839.85,-30821.28,13254.11,14099.36
2,87,52,1371951.26,1187718.13,184233.13,124607.85,95332.97
2,90,52,5287677.77,5019213.65,268464.12000000005,429770.82,409805.1
2,91,52,4212914.58,4129520.88,83393.69999999998,308979.05,316298.97
2,92,52,9076955.46,8462324.59,614630.8700000001,747682.47,715172.47
2,93,52,3935056.56,3662149.9,272906.66000000003,306113.33999999997,297139.25
2,94,52,3683940.81,3602395.7600000002,81545.04999999993,270802.7,265941.29000000004
2,95,52,7534752.94,7277817.44,256935.5,547839.04,550485.29
2,96,52,1849049.0,1721822.93,127226.06999999999,151104.09,163067.57
2,97,52,2134031.37,2122369.02,11662.349999999999,157540.1,159806.05
2,98,52,719142.04,726975.15,-7833.110000000004,62016.0,65306.92
2,99,9,6545.39,1378.0,5167.39,0.12,40.0
3,1,52,456858.33,364900.3,91958.03,34168.11,26981.21
3,2,52,975525.23,846432.17,129093.06,72074.23,62410.58
3,3,52,323802.37,273066.74,50735.630000000005,20551.82,16441.71
3,4,52,478597.59,428405.17,50192.42,37577.37,35113.39
3,5,52,771581.35,597371.96,174209.38999999998,95134.72,74467.67
3,6,52,104308.19,116589.73,-12281.539999999997,14289.49,20260.920000000002
3,7,52,586056.23,554975.68,31080.550000000003,72198.23000000001,65129.14
3,8,52,454787.35,416375.02,38412.33,33672.23,31012.95
3,9,52,573688.13,455146.08,118542.05,46767.18,42458.57
3,10,52,669310.9,539395.41,129915.49,48007.72,38823.130000000005
3,11,52,561300.88,443768.25,117532.63,33479.83,25858.86
3,12,52,131215.96,119062.06999999999,12153.890000000001,7421.82,7186.85
3,13,52,620036.23,572983.69,47052.54,45386.56,45600.87
3,14,52,269128.92,233796.52,35332.4,29168.5,27647.84
3,16,52,440355.67,352217.71,88137.95999999999,17689.79,14130.41
3,17,52,142085.47,133442.41,8643.060000000001,14226.150000000001,11390.94
3,18,37,144606.79,140502.35,4104.439999999996,22184.77,20944.53
3,19,52,31323.32,41636.78,-10313.460000000001,2093.19,3438.78
3,20,52,109315.8,76212.78,33103.020000000004,9041.16,6298.77
3,21,52,72320.37,62595.39,9724.98,5676.12,4915.91
3,22,52,201479.75,147021.44,54458.31,20815.48,17571.69
3,23,52,702295.3,547730.84,154564.46,50292.23,44472.36
3,24,52,160659.35,148847.31,11812.039999999999,13802.6,11180.75
3,25,52,258896.09,207881.17,51014.920000000006,18558.14,14936.22
3,26,52,151132.02,149301.34,1830.679999999999,11891.44,14561.74
3,27,52,27450.42,26262.08,1188.3399999999997,2763.91,2590.34
3,28,52,8283.36,9039.23,-755.8700000000001,724.43,988.96
3,29,52,78688.41,78000.56,687.8500000000009,7970.88,8654.369999999999
3,30,52,73196.5,57621.8,15574.7,4837.99,3949.82
3,31,52,49335.12,43589.43,5745.6900000000005,3418.06,2550.1
3,32,52,269886.4,216720.79,53165.61,29283.85,17545.91
3,33,52,190675.47,160088.84,30586.630000000005,16536.36,11709.88
3,34,52,262476.62,236112.75,26363.870000000003,20208.01,19814.010000000002
3,35,52,71037.66,80406.89,-9369.23,5568.3099999999995,6844.67
3,36,52,25859.0,38836.58,-12977.58,1897.27,2462.7
3,38,52,4815546.05,5836835.95,-1021289.9,343126.36,427297.34
3,40,52,1027846.25,918556.67,109289.57999999999,75613.68000000001,74997.25
3,41,52,28753.27,35423.14,-6669.87,3766.88,4261.51
3,42,52,260203.07,226563.68,33639.39,22020.32,17967.66
3,44,52,128938.8,112159.39,16779.41,10618.26,8588.68
3,46,52,353937.47000000003,333154.2,20783.270000000004,29528.09,29914.45
3,49,4,77.22,106.92,-29.7,0,0
3,51,5,22.439999999999998,16.68,5.76,0,0
3,52,52,54801.03,49140.56,5660.47,5129.12,3334.59
3,54,25,881.0,1269.88,-388.88,0,0
3,55,52,427971.21,386756.32,41214.89,53447.5,46497.49
3,56,52,88271.71,76733.03,11538.679999999998,3050.3199999999997,2267.77
3,59,33,5847.57,15208.02,-9360.45,877.23,2582.59
3,60,52,7090.6,7374.4,-283.8,513.8,616.0
3,67,52,107425.91,105649.48,1776.4299999999998,9368.68,7984.15
3,71,52,75808.8,48466.64,27342.16,7570.92,4839.01
3,72,52,1507586.26,1165551.45,342034.81,193834.74,166811.52000000002
3,74,52,195303.62,161160.77,34142.85,18408.33,17901.91
3,79,52,384838.16,374746.91,10091.25,30700.48,28688.370000000003
3,80,1,0.97,7.5,-6.53,0,0
3,81,52,90922.71,70275.24,20647.47,6690.32,5085.14
3,82,52,407227.7,344754.77999999997,62472.920000000006,33822.46,28915.62
3,85,52,38424.92,46981.49,-8556.569999999998,2351.51,3189.2
3,87,52,65734.97,31347.739999999998,34387.23,5342.87,2735.25
3,90,52,91930.68,81019.04,10911.64,7171.6,5917.7
3,91,52,20525.9,13567.04,6958.86,1213.38,939.1800000000001
3,92,52,470251.05,381391.58,88859.47,34702.86,30887.78
3,94,14,13326.94,10439.95,2886.9900000000007,435.86,312.5
3,95,52,916354.93,781456.97,134897.96,61025.73,52275.36
3,96,52,198244.68,207134.23,-8889.55,16023.83,19809.329999999998
3,97,49,23024.62,16372.81,6651.8099999999995,1052.52,893.6800000000001
3,98,7,413.01,175.0,238.01,23.73,25.0
4,1,52,2031169.51,1899283.92,131885.59,160501.59,151704.05
4,2,52,5143443.25,4927588.58,215854.66999999998,379892.29,361984.86
4,3,52,1031309.08,964467.96,66841.12,62196.53,60769.24
4,4,52,3097457.57,2913443.88,184013.69,250505.72,234509.06
4,5,52,2461385.91,2563827.39,-102441.48,265515.18,279293.22
4,6,52,421785.79,428412.55,-6626.759999999998,51524.72,52867.68000000001
4,7,52,3046357.52,2763849.38,282508.14,300775.23,247480.59
4,8,52,3265883.97,3263765.78,2118.190000000024,242687.93,249621.89
4,9,52,1985991.8,1798207.66,187784.14,161519.93,131800.87
4,10,52,2103289.56,1929026.83,174262.73,159544.55,141494.74
4,11,52,1438115.09,1503107.36,-64992.27000000002,103560.97,111381.71
4,12,52,400524.36,420000.55,-19476.19,26225.59,28455.67
4,13,52,3771401.08,3595901.84,175499.24,286204.69,265617.75
4,14,52,1629467.6199999999,1528427.65,101039.97,167961.59,157557.87
4,16,52,1025913.29,1013666.17,12247.119999999994,32319.45,28582.76
4,17,52,822045.38,834103.16,-12057.78000000001,71300.7,69913.85
4,18,43,705105.15,648942.32,56162.83000000001,116038.81999999999,100910.06999999999
4,19,52,141599.5,165370.59,-23771.09,10718.4,13155.13
4,20,52,486168.76,457214.53,28954.229999999992,36898.87,37722.48
4,21,52,433280.92,458321.94,-25041.020000000008,34840.38,34977.75
4,22,52,1002135.93,902480.51,99655.42,98042.58,89590.76
4,23,52,2627436.16,2468745.34,158690.82,209875.5,184923.38
4,24,52,600793.74,574827.58,25966.160000000003,49837.97,46242.27
4,25,52,848776.12,827903.41,20872.71,65950.82,58512.19
4,26,52,999596.7,965604.59,33992.11,81529.11,77570.41
4,27,52,145974.95,138887.83,7087.119999999999,13756.19,12835.710000000001
4,28,52,45472.63,51270.27,-5797.64,3686.1099999999997,4443.35
4,29,52,556608.97,494127.23,62481.73999999999,50202.96,42310.76
4,30,52,373112.87,421088.3,-47975.43,27641.64,32035.82
4,31,52,202460.65,206601.89,-4141.240000000002,13101.009999999998,13943.31
4,32,52,760966.9,755598.42,5368.480000000002,75841.23,62034.39
4,33,52,689717.16,635653.72,54063.43999999999,56722.17,52032.44
4,34,52,1452972.76,1302132.15,150840.61000000002,115260.64,101872.54000000001
4,35,52,230338.3,230286.26,52.04000000000087,17157.260000000002,16836.18
4,36,52,197780.17,153489.88,44290.29,10817.01,8773.22
4,37,52,188539.54,177298.47,11241.07,13467.29,12597.01
4,38,52,4168192.03,4251803.91,-83611.88000000006,304399.79,299167.29
4,40,52,4246077.1,4076465.88,169611.21999999994,318344.98,317469.66000000003
4,41,52,61416.04,46424.62,14991.42,6318.62,3615.0
4,42,52,536456.68,468256.0,68200.68,38021.979999999996,31184.08
4,44,52,296560.22,280354.81,16205.410000000002,25463.83,23381.66
4,45,2,35.910000000000004,41.88,-5.969999999999999,11.97,10.47
4,46,52,2186978.96,2049006.28,137972.68,167599.01,148715.33000000002
4,48,51,167609.26,105707.53,61901.729999999996,18028.12,8777.0
4,49,52,352282.59,355544.65,-3262.059999999997,24208.46,20842.649999999998
4,52,52,192028.72,199693.63999999998,-7664.919999999998,18353.12,16482.11
4,54,49,2473.7,4756.2,-2282.5,288.15999999999997,451.44
4,55,52,977527.1,1061642.68,-84115.58000000002,118606.14,115100.62
4,56,52,305177.07,299175.54,6001.529999999998,5190.21,6364.64
4,58,52,227492.0,344068.81,-116576.81,16137.0,30410.75
4,59,52,64748.81,122776.84,-58028.030000000006,8898.08,16210.460000000001
4,60,52,20149.5,21988.0,-1838.5000000000002,1123.4,1452.0
4,67,52,679467.12,627091.22,52375.899999999994,53435.35,50382.92
4,71,52,424558.19,411023.29,13534.900000000009,43396.130000000005,38593.57
4,72,52,5721331.47,5620696.46,100635.00999999994,729405.49,721345.42
4,74,52,1098876.19,1095578.86,3297.329999999991,106300.15,104971.57
4,79,52,2857612.08,2648955.53,208656.55,224152.15,202200.1
4,80,52,1106544.3,1017004.5,89539.79999999999,83951.01999999999,74847.6
4,81,52,1701251.55,1577392.15,123859.39999999998,126549.88,115317.83
4,82,52,1809140.06,1576870.96,232269.1,149788.40000000002,114824.15
4,83,52,502210.22,468234.93,33975.28999999999,35262.4,33804.07
4,85,52,139170.84,140037.09,-866.2499999999995,10759.45,9885.03
4,87,52,845160.74,659984.11,185176.63,64866.13,47920.16
4,90,52,4961536.37,4662857.24,298679.13000000006,398307.22,363844.7
4,91,52,3577342.13,3432502.35,144839.77999999994,269150.17,254516.02000000002
4,92,52,9065669.52,8177991.22,887678.2999999998,737172.33,657899.8
4,93,52,3879972.83,3508225.08,371747.74999999994,313315.93,280013.72000000003
4,94,52,3779611.2800000003,3457269.9,322341.38,272026.89999999997,250649.56
4,95,52,8107462.28,7607677.87,499784.41000000015,570660.87,532925.28
4,96,52,2259512.67,1987042.27,272470.4,193553.06,171481.86
4,97,52,2114356.06,2036313.79,78042.27000000002,151266.61000000002,147134.46
4,98,52,816910.16,796212.12,20698.04,77518.88,76696.09
4,99,9,10190.289999999999,1261.0,8929.29,0.07,60.0
5,1,52,553325.92,497578.7,55747.22,42021.24,38199.24
5,2,52,661165.39,631778.13,29387.26000000001,51954.28,46524.42
5,3,52,216211.23,211878.07,4333.159999999998,15963.16,13482.0
5,4,52,527267.18,507841.08,19426.1,42878.96,41115.770000000004
5,5,52,352957.91,366202.46,-13244.55,48094.0,55055.68
5,6,52,48016.47,71226.22,-23209.75,11787.0,16023.31
5,7,52,353564.59,319744.81,33819.78,48654.59,37821.05
5,8,52,750300.62,698132.87,52167.75,56249.3,53786.55
5,9,52,451154.47,385218.81,65935.65999999999,47611.75,36536.87
5,10,52,521080.74,495680.5,25400.23999999999,40739.51,37713.1
5,11,52,403216.51,391493.47000000003,11723.039999999994,31659.940000000002,29790.55
5,12,52,137592.33,123421.23,14171.1,9125.39,8113.28
5,13,52,592148.8099999999,568161.33,23987.479999999992,46051.58,43207.6
5,14,52,198619.22,197595.31,1023.9099999999971,27094.76,24973.21
5,16,52,404264.89,360771.62,43493.26999999999,18004.620000000003,13999.25
5,17,52,134667.92,124226.58,10441.339999999998,14817.39,11993.43
5,18,35,93387.87,94985.88,-1598.0100000000016,13827.34,14327.880000000001
5,19,17,671.0,920.73,-249.73000000000002,119.0,160.0
5,20,52,64893.24,59362.92,5530.32,7383.99,5703.01
5,21,52,65729.89,67623.93,-1894.0399999999988,6240.7,5672.28
5,22,52,132806.63,132186.08000000002,620.5499999999976,17667.63,16945.82
5,23,52,341136.39,319115.9,22020.49,30197.29,27346.01
5,24,52,84496.75,78680.19,5816.5599999999995,8237.39,7080.86
5,25,52,156908.56,129800.68,27107.88,12573.990000000002,9344.96
5,26,52,94081.57,96423.93000000001,-2342.3599999999997,8351.06,8756.2
5,27,52,22480.43,19737.33,2743.1,2248.59,1972.03
5,28,52,9367.37,11302.5,-1935.13,770.99,1039.99
5,29,52,59828.17,75243.91,-15415.74,6290.06,7156.639999999999
5,30,52,42864.1,38330.3,4533.8,3030.68,2974.3
5,31,52,37125.98,33804.63,3321.35,2748.78,2329.31
5,32,52,136199.8,128229.12,7970.679999999999,14306.630000000001,9552.87
5,33,52,86654.5,83971.68,2682.82,8406.39,6919.599999999999
5,34,52,200087.95,183111.62,16976.33,15790.73,15463.58
5,35,52,49137.97,67126.76,-17988.79,4565.5199999999995,4570.25
5,36,52,28475.71,31754.7,-3278.99,2317.61,1653.82
5,38,52,3125349.17,2777255.78,348093.39,220606.23,203236.51
5,40,52,1039167.86,989644.37,49523.49000000002,80688.77,83573.87
5,41,52,39896.43,25019.18,14877.25,4993.58,2558.27
5,42,52,156384.7,148018.38,8366.319999999998,10637.81,10967.28
5,44,52,73730.54,67571.45,6159.089999999999,6297.110000000001,5481.69
5,45,15,424.39,284.96,139.43,82.28999999999999,34.480000000000004
5,46,52,259193.63,261874.46,-2680.83,23368.96,20956.47
5,49,4,116.97,139.59,-22.619999999999997,0,0
5,52,52,26882.36,27093.73,-211.37000000000043,2581.05,2987.1
5,54,20,905.52,839.24,66.28,31.759999999999998,136.84
5,55,52,186846.25,189551.55,-2705.299999999998,25139.97,26264.04
5,56,52,74479.06999999999,57587.57,16891.5,1708.79,1658.6200000000001
5,58,36,31160.0,25218.0,5942.0,655.0,1050.0
5,59,16,1708.04,2408.4,-700.3599999999999,507.59000000000003,285.29999999999995
5,60,52,12897.6,11862.4,1035.1999999999998,885.0,827.2
5,67,52,169997.2,153520.76,16476.44,13756.94,12224.68
5,71,52,24187.79,25673.23,-1485.4399999999996,3875.83,3575.91
5,72,52,673700.92,628197.28,45503.64,147081.39,129975.68000000001
5,74,52,192143.8,176566.41,15577.390000000001,21254.73,20985.27
5,79,52,268213.31,253358.11,14855.199999999997,22291.58,21180.23
5,81,52,154850.71,129250.26,25600.45,11088.07,9495.07
5,82,52,215253.07,207287.62,7965.450000000003,20821.460000000003,16636.329999999998
5,85,52,44314.68,48987.11,-4672.43,3144.43,3151.57
5,87,52,601638.24,514586.27999999997,87051.96,48582.15,37869.83
5,90,52,175135.89,164329.69,10806.2,14005.79,11652.27
5,91,52,82041.97,77250.73,4791.24,6360.58,5056.69
5,92,52,454967.21,389043.84,65923.37,36949.26,32266.239999999998
5,94,23,10469.85,9576.07,893.78,620.3100000000001,452.58000000000004
5,95,52,1049234.46,989364.04,59870.42,76732.01,70459.6
5,96,52,380071.0,298846.13,81224.87,30772.519999999997,24506.83
5,97,52,36300.98,34393.72,1907.2599999999998,2526.32,2379.48
6,1,52,1270322.16,1199607.01,70715.15000000001,97673.23,91267.16
6,2,52,2708974.19,2525390.09,183584.1,206630.58000000002,191818.66
6,3,52,886069.53,859837.27,26232.260000000002,67167.95,55454.31
6,4,52,1829771.75,1752041.97,77729.77999999997,147515.2,139876.36
6,5,52,1763790.2,1933271.63,-169481.43000000002,215969.63,225094.31
6,6,52,325617.7,396102.2,-70484.5,47654.02,49747.66
6,7,52,1865306.25,1952134.46,-86828.20999999999,195618.71,176918.05000000002
6,8,52,2556400.99,2484428.9899999998,71972.00000000003,191257.97,187411.57
6,9,52,2541084.38,2402582.46,138501.92,242314.77,201069.40999999997
6,10,52,2524788.85,2380084.43,144704.41999999998,191877.09999999998,186187.17
6,11,52,1140405.05,1174501.86,-34096.810000000005,88122.22,89078.8
6,12,52,332738.32,338430.59,-5692.269999999998,23193.05,22880.57
6,13,52,1947816.22,1890186.15,57630.07000000001,145717.91,144716.6
6,14,52,1437590.71,1327788.47,109802.24,152012.38,134334.4
6,16,52,1414701.55,1314520.29,100181.25999999998,60794.130000000005,45865.07
6,17,52,849560.11,834137.44,15422.670000000002,73597.84,68103.44
6,18,39,584444.9400000001,556545.0,27899.94,95240.65000000001,91095.09
6,19,52,166532.96,125108.14,41424.82,11550.78,9587.85
6,20,52,486966.13,459545.59,27420.54,39823.25,37186.909999999996
6,21,52,426558.2,468221.66000000003,-41663.46000000001,34419.13,37797.23
6,22,52,1004417.78,984624.38,19793.39999999998,102326.52,98261.28
6,23,52,1604755.19,1552217.5,52537.68999999999,121910.19,116877.68
6,24,52,359794.12,347716.49,12077.629999999997,28730.65,28084.93
6,25,52,676986.96,645210.88,31776.080000000005,46748.15,42697.63
6,26,52,470886.01,460273.04,10612.970000000003,37199.03,39094.95
6,27,52,97966.38,98883.67,-917.2899999999988,9697.710000000001,9507.3
6,28,52,28585.97,30359.07,-1773.1000000000001,2604.29,2775.48
6,29,52,356736.41,368879.75,-12143.339999999998,31533.02,30142.24
6,30,52,237778.78,266708.89,-28930.11,17852.84,19046.11
6,31,52,179965.45,169177.69,10787.76,12592.75,11265.81
6,32,52,593737.21,623323.72,-29586.509999999984,57934.08,45048.68
6,33,52,376724.25,368847.65,7876.600000000002,28908.34,30544.83
6,34,52,945359.03,871995.21,73363.81999999999,62971.71,68448.69
6,35,52,183502.61,184578.59,-1075.980000000001,11784.59,12025.970000000001
6,36,52,181754.31,166523.96,15230.349999999999,7999.62,7273.52
6,37,52,198248.03,197356.49,891.5399999999995,15960.58,15295.939999999999
6,38,52,3891544.04,3902568.03,-11023.989999999954,275736.24,269914.14
6,40,52,3542517.9,3345050.1,197467.8,267595.39,257289.09
6,41,52,137050.97,138983.45,-1932.4800000000014,15025.23,14971.75
6,42,52,513430.77,465279.39,48151.38,37062.68,33205.87
6,44,52,450743.41,375751.64,74991.77,36547.64,31375.18
6,45,2,83.78999999999999,60.849999999999994,22.939999999999998,0,0
6,46,52,1413570.22,1435108.41,-21538.189999999995,110453.05,105660.25
6,47,1,-149.0,-97.0,-52.0,0,0
6,48,51,128935.95,80609.92,48326.03,17169.97,8270.0
6,49,52,613088.29,678574.98,-65486.69,41137.31,46215.86
6,52,52,225145.01,207658.55,17486.460000000003,20263.67,14984.74
6,54,50,4622.16,6268.54,-1646.38,398.86,672.72
6,55,52,726395.24,933008.73,-206613.49,101237.52,111508.61
6,56,52,295920.92,330719.99,-34799.07,10896.630000000001,10620.12
6,58,52,154754.94,177859.97,-23105.03,15600.0,15193.0
6,59,52,37772.78,72333.13,-34560.35,7414.66,11338.94
6,60,37,13542.2,7691.47,5850.7300000000005,477.0,299.2
6,67,52,620808.38,600227.87,20580.510000000002,53601.61,48621.25
6,71,52,288813.32,291816.78,-3003.4600000000005,30514.82,32668.6
6,72,52,4384147.34,4288325.4,95821.93999999992,615427.03,626811.5800000001
6,74,52,1185570.23,1132150.45,53419.780000000006,108145.18,103163.94
6,79,52,1287246.17,1241515.01,45731.15999999999,104124.06,97030.02
6,80,52,738991.92,693644.06,45347.86,56698.94,52030.68
6,81,52,801116.76,774739.4,26377.360000000004,61271.41,59313.549999999996
6,82,52,1125080.79,1020588.45,104492.34,96016.92,80520.08
6,83,52,205702.44,206009.45,-307.00999999999704,15103.86,14711.11
6,85,52,123020.76,137178.83,-14158.07,8580.5,10249.36
6,87,52,2416011.62,2063471.91,352539.70999999996,194370.03,157545.04
6,90,52,2880467.02,2797284.76,83182.26,242827.21000000002,223805.37
6,91,52,2359009.17,2375777.11,-16767.940000000002,178516.12,183277.48
6,92,52,5457113.21,5060056.82,397056.39,456786.6,414410.33999999997
6,93,52,2278165.43,2099452.13,178713.30000000005,183576.41999999998,168196.44
6,94,52,2213338.69,2140946.38,72392.31,168774.38,156401.72
6,95,52,4670375.36,4499069.6,171305.76000000007,353380.1,333241.18
6,96,52,1618403.04,1555900.2,62502.83999999998,131947.23,127347.81
6,97,52,1077097.8699999999,1057818.55,19279.319999999992,82202.34,77331.4
6,98,52,558168.33,499058.65,59109.68000000001,47386.03,41750.07
6,99,9,925.24,2065.0,-1139.76,50.02,100.0
7,1,52,517464.47000000003,500358.05,17106.420000000002,44745.39,38164.88
7,2,52,1260498.8,1169602.73,90896.07,105897.68000000001,94604.69
7,3,52,497148.65,436194.85,60953.8,38292.520000000004,31563.85
7,4,52,831776.52,789147.55,42628.97,67093.24,63645.94
7,5,52,740529.91,771508.52,-30978.610000000015,104782.88,99726.96
7,6,52,294956.98,369617.24,-74660.26,47067.78,52879.41
7,7,52,576710.88,606165.98,-29455.1,68663.41,59475.79
7,8,52,752785.7,707997.48,44788.22,55871.979999999996,54436.86
7,9,52,1665074.05,1492295.61,172778.43999999997,112474.48,105826.43000000001
7,10,52,1066223.49,1175728.88,-109505.39,86984.37,97991.16
7,11,52,815420.34,822391.59,-6971.249999999996,75184.92,83786.5
7,12,52,281577.55,295886.47,-14308.920000000002,15307.849999999999,20042.07
7,13,52,815776.06,774306.14,41469.92,63937.74,59719.97
7,14,52,566013.64,523963.47,42050.170000000006,63537.86,54896.090000000004
7,16,52,736129.29,670769.02,65360.27000000002,21615.3,26314.739999999998
7,17,52,293231.57,280777.88,12453.690000000002,27407.86,25705.65
7,18,33,190880.45,178330.13,12550.319999999994,28817.43,21498.39
7,19,1,-6.94,27.0,-33.94,0,0
7,20,52,179748.99,155416.45,24332.54,16445.420000000002,13766.1
7,21,52,105152.31,91705.44,13446.869999999999,8720.69,7318.139999999999
7,22,52,395873.33,365473.16,30400.17,42938.24,40138.89
7,23,52,816639.12,736239.48,80399.64000000001,79252.06,79271.32
7,24,52,156498.87,128845.51,27653.359999999997,18521.04,14762.61
7,25,52,296142.21,252156.22,43985.990000000005,27863.980000000003,27191.0
7,26,52,107276.8,103307.12,3969.68,10715.97,11670.56
7,27,52,37673.26,33521.97,4151.29,3284.46,2960.14
7,28,52,11380.16,8058.31,3321.85,962.02,406.45000000000005
7,29,52,67853.54,75701.08,-7847.54,7162.5599999999995,7642.5599999999995
7,30,52,55680.78,53999.38,1681.3999999999996,3705.04,4176.48
7,31,52,100726.03,104404.2,-3678.1700000000014,11070.96,14141.09
7,32,52,271165.62,293308.82,-22143.199999999997,33154.69,31046.3
7,33,52,140218.95,115444.7,24774.25,15884.42,13849.7
7,34,52,214655.44,235066.85,-20411.41,16236.04,18640.91
7,35,52,11534.49,22472.26,-10937.77,885.46,1459.57
7,36,52,117338.78,99989.92,17348.86,17442.25,14714.71
7,38,52,1634776.62,1644550.76,-9774.140000000007,113288.94,121491.65
7,40,52,1710618.35,1653042.03,57576.31999999999,146804.48,139490.22
7,41,52,106967.31999999999,78718.71,28248.61,11588.69,7482.58
7,42,52,336850.75,338085.24,-1234.489999999998,23803.079999999998,21864.420000000002
7,44,52,197335.61,176397.75,20937.86,18055.94,14144.09
7,45,21,748.64,363.3,385.34,107.46,29.85
7,46,52,812894.17,781760.84,31133.329999999998,63863.630000000005,61544.880000000005
7,47,1,-459.0,88.0,-547.0,-459.0,88.0
7,48,31,65976.0,23086.0,42890.0,3221.0,614.0
7,49,13,396.14,561.18,-165.04,23.9,53.46
7,51,1,1.98,209.72,-207.74,0,0
7,52,52,59712.090000000004,60159.98,-447.89,5358.8,5266.61
7,54,34,1114.9,1511.24,-396.34,70.76,231.92000000000002
7,55,52,355280.75,357193.65,-1912.8999999999955,52088.09,48334.06
7,56,52,366102.31,306499.89,59602.42,4092.33,4424.89
7,58,27,27301.97,21935.0,5366.969999999999,3595.0,3860.0
7,59,29,1253.28,2037.1399999999999,-783.86,206.54,186.45999999999998
7,60,52,5451.2,5651.56,-200.36000000000007,399.6,431.2
7,67,52,223136.63,212394.88,10741.75,20578.95,18956.82
7,71,52,125896.55,124414.93,1481.6200000000008,11955.72,13463.45
7,72,52,2554827.06,2533186.5,21640.55999999999,400991.79,365215.88
7,74,52,546638.47,491402.13,55236.34,47438.04,41171.3
7,79,52,310025.17,307040.96,2984.2099999999973,27481.079999999998,25612.989999999998
7,80,52,28189.0,28244.0,-54.999999999999915,2691.12,2150.96
7,81,52,371547.26,339977.02,31570.24,31239.579999999998,27483.699999999997
7,82,52,509340.63,517550.53,-8209.900000000009,45502.21,43568.9
7,83,52,35854.69,36396.8,-542.1099999999998,3216.39,2798.81
7,85,52,110058.74,118296.03,-8237.289999999997,7706.4,7077.0599999999995
7,87,52,702367.38,574484.73,127882.65,60252.24,46146.95
7,90,52,875780.11,767784.64,107995.47,80081.45,67600.6
7,91,52,617750.61,608651.93,9098.680000000004,51033.990000000005,52501.75
7,92,52,1552783.72,1405550.14,147233.58000000002,132632.9,121409.19
7,93,52,95766.32,69569.89,26196.43,8399.83,5441.16
7,94,29,41992.96,14003.79,27989.170000000002,3474.01,610.92
7,95,52,2005457.35,1798617.91,206839.43999999997,164877.14,146190.99
7,96,52,78805.55,57409.24,21396.31,9151.939999999999,6220.41
7,97,52,279324.46,245351.49,33972.97,24747.35,20073.2
7,98,52,14583.37,11892.7,2690.67,1299.73,808.9399999999999
8,1,52,794432.83,761939.08,32493.750000000004,62589.93,62780.28
8,2,52,1876133.9,1868250.48,7883.419999999995,140109.25,135062.18
8,3,52,561916.51,555012.66,6903.850000000009,37727.72,33538.72
8,4,52,1142306.33,1084485.42,57820.91,94316.67,89782.12
8,5,52,1084248.68,1119301.48,-35052.799999999996,130204.13,124862.74
8,6,52,162628.26,186126.45,-23498.189999999995,22250.82,24366.35
8,7,52,1144423.03,1120246.81,24176.22000000002,119948.05,95870.15
8,8,52,1441747.26,1335618.08,106129.18000000002,104761.1,100640.2
8,9,52,637205.35,585699.78,51505.56999999999,62655.18,51215.020000000004
8,10,52,1084356.1,1081150.48,3205.6200000000063,79974.5,80916.07
8,11,52,976070.49,1017915.26,-41844.77,76545.61,75302.66
8,12,52,386231.17,362120.64,24110.53,24595.27,25276.59
8,13,52,1311015.85,1308294.82,2721.0299999999916,96952.73,98575.42
8,14,52,591096.29,582990.77,8105.520000000004,70396.14,62680.83
8,16,52,841471.42,743806.16,97665.26000000001,25864.19,20485.28
8,17,52,388664.85,388828.92,-164.06999999999516,37546.42,34507.53
8,18,37,323366.41,313113.81,10252.6,50933.14,52791.6
8,19,52,30031.0,63349.37,-33318.37,2157.34,5820.34
8,20,52,210823.99,182061.26,28762.73,17762.48,14557.48
8,21,52,208545.64,247350.0,-38804.36,16752.35,19296.42
8,22,52,383140.43,380566.45,2573.9800000000055,36031.72,37952.5
8,23,52,808434.16,783970.66,24463.500000000004,69954.88,64033.55
8,24,52,241903.59,236110.15,5793.4400000000005,19835.78,17810.28
8,25,52,341047.12,362122.55,-21075.430000000004,27755.79,27819.79
8,26,52,298675.25,343054.77,-44379.520000000004,25694.899999999998,30355.12
8,27,52,49634.590000000004,48851.06,783.5300000000004,4610.9400000000005,4405.99
8,28,52,13920.49,16897.31,-2976.82,1285.63,1517.53
8,29,52,138130.09,165073.66,-26943.57,12896.3,15526.109999999999
8,30,52,113678.48,119018.24,-5339.760000000001,8767.11,9615.92
8,31,52,75929.45,72665.65,3263.800000000001,4674.04,5115.43
8,32,52,302857.9,319758.23,-16900.33,29605.399999999998,25015.06
8,33,52,291210.08,254481.85,36728.229999999996,23310.02,20535.36
8,34,52,414565.31,453039.24,-38473.93,29325.52,39081.23
8,35,52,87758.92,108542.32,-20783.4,6086.09,7208.4400000000005
8,36,52,51667.95,57153.56,-5485.61,3432.66,2711.7200000000003
8,37,52,112533.85,112512.86,20.990000000002055,8631.880000000001,8852.89
8,38,52,3244087.04,3134288.73,109798.30999999998,229360.12,232681.3
8,40,52,2008661.35,1975396.57,33264.78000000001,153744.53999999998,156128.55
8,41,52,58817.8,65805.09,-6987.289999999999,5351.48,7258.5
8,42,52,281219.78,273715.36,7504.420000000002,20978.04,20279.98
8,44,52,198658.82,192064.93,6593.8899999999985,16572.12,14480.11
8,46,52,979051.22,955328.78,23722.440000000002,78975.88,70336.78
8,49,52,110971.5,111367.37,-395.8700000000016,7858.73,7474.23
8,52,52,81611.97,106269.1,-24657.13,8001.65,9528.24
8,54,38,1417.3799999999999,2572.1,-1154.72,60.0,223.0
8,55,52,371448.55,389779.18,-18330.63,48256.71,43370.81
8,56,52,249626.04,248436.68,1189.3599999999974,3805.68,4692.97
8,58,41,33610.0,72445.0,-38835.0,3215.0,9612.0
8,59,52,20235.5,46711.18,-26475.68,2754.69,6220.37
8,60,52,11864.4,12402.6,-538.1999999999999,1034.4,1107.0
8,67,52,292050.65,267649.08,24401.570000000003,22364.64,22000.02
8,71,52,112034.11,125526.37,-13492.26,12294.17,13190.710000000001
8,72,52,2019575.98,2014927.56,4648.419999999976,285687.32,292190.92
8,74,52,496847.84,468616.36,28231.480000000003,45595.42,44488.59
8,79,52,1157085.78,1077968.76,79117.02,93795.47,78844.53
8,80,52,499862.03,480509.14,19352.890000000007,38548.899999999994,35819.6
8,81,52,665143.9299999999,647630.57,17513.359999999986,50197.5,48465.67
8,82,52,791393.75,803341.5599999999,-11947.809999999996,69407.31,65489.6
8,83,52,146762.93,129427.39,17335.54,10162.869999999999,9514.91
8,85,52,109054.06,117790.51,-8736.449999999999,8211.26,8153.400000000001
8,87,52,1279734.5,995480.48,284254.02,98528.81,75665.45999999999
8,90,52,2153853.16,2048559.72,105293.44,175326.89,158267.86
8,91,52,1656232.51,1618701.22,37531.29000000002,123308.86,117829.94
8,92,52,3332869.81,3097278.74,235591.06999999998,279622.06,259815.04
8,93,52,1527237.92,1452561.58,74676.34,126366.38,115715.01999999999
8,94,52,1336336.89,1344425.76,-8088.870000000003,97399.35,92186.43
8,95,52,3265883.26,3279989.61,-14106.350000000006,236079.35,235787.78
8,97,52,893390.98,882445.3,10945.679999999993,67443.07,63980.200000000004
8,98,52,381753.75,358709.84,23043.910000000003,34666.55,33128.99
8,99,5,150.18,675.0,-524.82,0,0
9,1,52,658490.29,601555.13,56935.159999999996,51186.44,46456.01
9,2,52,1372050.37,1287148.82,84901.55000000003,100266.88,89720.02
9,3,52,422985.49,384032.37,38953.12,30650.27,23579.16
9,4,52,939049.35,879344.59,59704.759999999995,74759.57,70260.41
9,5,52,1064935.06,1055990.17,8944.890000000007,124938.47,123092.6
9,6,52,133965.2,156749.05,-22783.850000000002,22357.7,27095.550000000003
9,7,52,800907.47,744299.5,56607.97000000001,91027.73000000001,67664.47
9,8,52,1191090.75,1090124.24,100966.51000000001,86570.94,81649.44
9,9,52,757807.75,642566.89,115240.86,75108.8,58323.78
9,10,52,723602.38,647101.08,76501.3,52599.69,46200.659999999996
9,11,52,838164.22,768160.34,70003.88,63078.26,58598.869999999995
9,12,52,344976.23,311705.17,33271.06,22262.18,21330.4
9,13,52,1179131.24,1121710.69,57420.55,90645.4,86063.28
9,14,52,415704.61,385249.95,30454.659999999996,48853.15,41905.5
9,16,52,599637.57,534333.4,65304.17,19551.11,13409.98
9,17,52,274805.44,257485.99,17319.449999999997,25583.1,19635.31
9,18,38,187867.88999999998,184702.27,3165.619999999997,26148.43,28699.78
9,19,52,74907.4,75994.62,-1087.2200000000003,4742.8099999999995,7382.21
9,20,52,141639.09,128648.74,12990.35,14433.98,11152.2
9,21,52,188303.75,182139.09,6164.659999999998,15122.25,14476.82
9,22,52,296895.0,248893.14,48001.86,28482.800000000003,27693.86
9,23,52,643187.17,564684.99,78502.18000000001,50219.0,40749.229999999996
9,24,52,150129.51,126574.14,23555.370000000003,13027.78,8563.8
9,25,52,259549.6,266854.6,-7305.0,18684.23,24207.120000000003
9,26,52,224766.07,208651.28,16114.789999999997,18161.52,18599.2
9,27,52,39853.94,38073.11,1780.83,3436.41,3329.46
9,28,52,11336.79,13465.66,-2128.87,841.9,1027.63
9,29,52,99557.73,99590.67,-32.93999999999937,8823.12,9191.89
9,30,52,81434.09,82492.3,-1058.2099999999998,6505.3099999999995,4804.9
9,31,52,53943.72,60614.05,-6670.33,4194.93,4544.16
9,32,52,242320.27,236219.68,6100.590000000002,22543.46,17565.23
9,33,52,148379.13999999998,126713.37,21665.77,11620.33,10005.81
9,34,52,302847.13,303675.21,-828.0800000000017,22498.05,21573.98
9,35,52,67718.24,83327.92,-15609.68,4432.67,6014.35
9,36,51,34291.16,40853.75,-6562.59,1740.91,2131.81
9,38,52,4032419.41,4192059.79,-159640.38000000003,284417.08999999997,282545.21
9,40,52,1556384.6,1509260.05,47124.54999999999,119288.03,118667.38
9,41,52,52225.95,58841.75,-6615.8,5880.14,5027.0
9,42,52,168937.07,153743.3,15193.77,10108.69,11074.55
9,44,52,197125.04,173190.1,23934.940000000002,17179.48,13246.94
9,45,1,11.97,11.47,0.5,0,0
9,46,52,403639.53,432198.57,-28559.039999999997,32020.1,35221.6
9,48,17,19070.0,9240.0,9830.0,1265.0,1423.0
9,49,15,448.16,721.95,-273.79,34.85,35.64
9,52,52,92199.99,90431.62,1768.3700000000003,7697.63,7047.96
9,54,18,457.12,751.62,-294.5,204.35999999999999,195.0
9,55,52,450668.46,489057.28,-38388.82,57798.11,55526.82
9,56,50,149012.24,146468.77,2543.4700000000025,2279.23,2125.04
9,59,27,4106.47,10763.18,-6656.71,633.75,2099.87
9,60,46,4347.6,3256.0,1091.6,278.2,272.8
9,67,52,193546.23,175157.86,18388.370000000003,16079.37,14533.4
9,71,52,67561.99,75875.19,-8313.2,8405.43,8014.66
9,72,52,1831326.76,1733287.3,98039.46000000002,269413.61,239037.87
9,74,52,402298.12,369949.74,32348.379999999997,37971.380000000005,35013.25
9,79,52,658734.0,620784.48,37949.520000000004,52116.31,47948.44
9,81,52,135257.67,120247.36,15010.31,9733.41,8691.09
9,82,52,571403.2,518263.96,53139.240000000005,47830.85,40375.509999999995
9,85,52,41318.840000000004,51546.72,-10227.88,3857.42,3826.9900000000002
9,87,52,866896.34,779018.13,87878.21,73976.18,57976.14
9,90,52,173605.67,158697.45,14908.220000000001,14233.03,11944.94
9,91,52,47906.78,44565.94,3340.8400000000006,3439.88,2644.47
9,92,52,887229.03,721400.67,165828.36000000002,71548.56999999999,54773.15
9,94,17,9350.53,14101.61,-4751.08,0,0
9,95,52,1713753.83,1493903.95,219849.88,115855.98,99489.09
9,96,52,197836.84,179341.26,18495.579999999994,17038.78,15224.2
10,1,52,2117804.48,2086253.15,31551.33,169317.84,148505.01
10,2,52,5580716.06,5695552.87,-114836.80999999998,415998.55,414261.05
10,3,52,1607384.37,1653185.68,-45801.30999999998,93363.26,97958.79000000001
10,4,52,2508420.55,2526401.99,-17981.439999999988,194600.22999999998,192269.55
10,5,52,2976480.14,3177123.93,-200643.79,384274.63,353173.27999999997
10,6,52,495557.42,574082.78,-78525.35999999999,72361.71,71873.09
10,7,52,3254516.47,3333603.88,-79087.40999999996,366891.95999999996,337147.48
10,8,52,4512150.55,4469305.67,42844.87999999996,340209.43,330500.88
10,9,52,3392198.9,3215352.03,176846.86999999997,282813.33,251105.01
10,10,52,2525138.82,2471159.29,53979.529999999984,191472.68,182570.78
10,11,52,1707981.83,1716851.76,-8869.929999999982,127162.41,131941.71
10,12,52,470174.83,461441.5,8733.330000000002,32076.26,33132.229999999996
10,13,52,3183097.76,3235560.27,-52462.51000000002,238512.26,237634.16999999998
10,14,52,2162688.91,2090394.15,72294.76000000001,214080.47999999998,194594.35
10,16,52,1476661.68,1460747.55,15914.12999999998,77561.21,59824.82
10,17,52,1460647.39,1363988.54,96658.85,125174.88,110901.14
10,18,37,830704.56,802619.44,28085.119999999995,129697.13,117349.63
10,19,52,151833.58,157515.03,-5681.450000000001,10220.13,12403.93
10,20,52,818109.92,793028.45,25081.470000000012,68934.56999999999,65066.19
10,21,52,495544.37,484775.07,10769.300000000008,39603.83,38000.96
10,22,52,1381389.6,1316230.48,65159.12,131082.06,122070.27
10,23,52,3579158.02,3416846.15,162311.87,301772.06,267437.53
10,24,52,816675.87,786277.3,30398.569999999985,72352.87,67550.97
10,25,52,1108338.16,1115922.71,-7584.549999999981,88247.58,79286.29
10,26,52,897665.72,894133.6,3532.1200000000026,78069.64,84779.01999999999
10,27,52,238861.85,230637.87,8223.980000000003,21961.6,20823.96
10,28,52,68686.99,71706.81,-3019.8199999999997,6889.53,6173.02
10,29,52,859371.8,810675.74,48696.05999999999,74926.79,66148.98000000001
10,30,52,546554.84,597463.33,-50908.490000000005,42953.36,45394.16
10,31,52,299832.86,333488.44,-33655.58,20842.61,22334.15
10,32,52,1128901.03,1160673.74,-31772.709999999995,107032.09,90266.65
10,33,52,803771.53,775626.43,28145.100000000002,70379.13,66693.09
10,34,52,2293677.39,2202438.65,91238.73999999996,186146.58,175523.47
10,35,52,493975.48,450941.11,43034.37,40102.07,33598.15
10,36,52,181884.45,172054.53,9829.920000000002,4194.32,6195.97
10,37,52,204085.96,208404.0,-4318.040000000002,15789.1,15901.550000000001
10,38,52,4863845.84,4549760.9,314084.94000000006,339560.48,328887.5
10,40,52,5184363.44,5130454.14,53909.30000000002,387647.41,384204.67
10,41,52,654358.66,601902.86,52455.8,67409.49,50334.49
10,42,52,625391.87,597483.14,27908.73,47864.91,45218.29
10,44,52,473717.13,460319.48,13397.65,40241.53,41250.21
10,45,10,195.99,301.92,-105.92999999999999,11.97,31.41
10,46,52,2919607.09,2869583.4,50023.68999999997,227449.59,207115.34
10,48,52,147937.3,92677.9,55259.4,16130.0,7843.0
10,49,52,1041562.31,1016466.85,25095.46,74830.42,70505.41
10,50,52,227759.42,220989.0,6770.419999999999,15550.0,15600.0
10,52,52,252047.0,274893.24,-22846.239999999994,25799.51,24571.129999999997
10,54,48,4054.5,5257.66,-1203.16,457.52,389.52
10,55,52,1031470.99,1161064.11,-129593.12,139915.45,136534.38
10,56,52,79291.41,61538.54,17752.87,8001.38,3763.32
10,58,52,207367.5,248113.5,-40746.0,12572.5,19449.0
10,59,52,64608.67,169602.97,-104994.3,15173.96,36302.579999999994
10,60,51,28231.9,22736.7,5495.2,1977.4,1390.2
10,67,52,694021.66,675493.09,18528.57,56276.53,52136.990000000005
10,71,52,854050.23,793815.49,60234.73999999999,82493.28,68676.06
10,72,52,7136641.1,8093259.74,-956618.6400000001,1131090.0799999998,1186304.42
10,74,52,2170018.37,2150276.61,19741.76000000003,195311.16,186718.82
10,79,52,1936939.07,1904964.42,31974.649999999987,156802.18,146490.14
10,80,52,20749.81,25099.05,-4349.24,1865.97,899.28
10,81,52,535083.8,545439.17,-10355.370000000003,38356.9,38074.45
10,82,52,1303013.55,1248580.43,54433.119999999995,106022.01999999999,94988.93
10,83,52,13703.22,11955.45,1747.77,916.24,860.59
10,85,52,162369.82,147631.65,14738.169999999996,11616.9,10275.630000000001
10,87,52,1461604.84,1176908.29,284696.55,120782.7,88618.64
10,90,52,777505.85,710359.43,67146.42,60752.1,55608.14
10,91,52,646626.0599999999,658332.95,-11706.89,46312.41,47783.869999999995
10,92,52,2738765.69,2580351.61,158414.08,204667.7,195655.47
10,93,52,67726.23,78175.32,-10449.090000000002,5906.79,5550.61
10,94,18,5707.49,15517.58,-9810.09,702.44,60.01
10,95,52,3612858.9899999998,3738675.2,-125816.21000000005,255888.91999999998,262706.61
10,96,52,649803.99,559279.68,90524.31,52365.159999999996,46661.93
10,97,52,263807.38,273405.03,-9597.65,19626.49,20259.809999999998
10,98,28,7833.55,9420.86,-1587.31,726.46,1097.98
11,1,52,1064544.21,932810.92,131733.29,83288.33,71293.92
11,2,52,3030538.62,2950215.6,80323.01999999996,232718.82,212513.74
11,3,52,930789.18,866392.58,64396.6,55121.56,46483.24
11,4,52,1545897.3,1493159.68,52737.62000000001,124721.37,117107.71
11,5,52,1928816.96,1970411.24,-41594.28,229456.88,207595.07
11,6,52,235429.12,323049.51,-87620.39,34485.21,41652.91
11,7,52,2012828.44,1922882.08,89946.36000000002,214800.74,156287.19999999998
11,8,52,1865969.17,1767206.36,98762.81000000003,138823.15,125099.11
11,9,52,986237.37,963785.64,22451.729999999996,81815.01,66064.02
11,10,52,1265038.8,1202535.83,62502.969999999994,92597.4,92298.93
11,11,52,931689.28,964114.85,-32425.569999999996,69324.43,64996.71
11,12,52,213737.99,224702.12,-10964.13,15994.93,15170.27
11,13,52,2182922.61,2105654.53,77268.07999999999,167986.11,157927.72
11,14,52,1358077.39,1276325.67,81751.72,145134.75,124308.41
11,16,52,757784.54,718867.62,38916.91999999999,32645.49,28060.28
11,17,52,716869.26,680219.5,36649.76,63858.93,53216.25
11,18,44,590256.5800000001,595443.14,-5186.5599999999795,74067.86,71683.65
11,19,23,37503.98,27417.95,10086.03,1429.9,1534.31
11,20,52,527134.11,481763.94,45370.17,41188.86,41231.68
11,21,52,393910.65,379810.88,14099.77,32827.32,28366.2
11,22,52,857284.27,798792.95,58491.32,83835.95,71278.91
11,23,52,1880317.52,1754219.81,126097.71,146827.25,125900.52
11,24,52,477599.68,436271.91,41327.77,38496.78,34193.62
11,25,52,648173.53,567253.84,80919.68999999999,44751.8,35528.590000000004
11,26,52,588551.82,588514.87,36.94999999999527,48451.55,48554.93
11,27,52,126364.69,113420.78,12943.91,12250.57,9007.029999999999
11,28,52,48461.37,47525.65,935.7199999999999,4199.33,3767.06
11,29,52,486492.34,469090.24,17402.1,43026.23,35250.01
11,30,52,330807.77,356996.48,-26188.709999999995,25631.5,26103.02
11,31,52,139177.69,157538.35,-18360.66,9500.5,9501.89
11,32,52,555217.25,561466.67,-6249.419999999994,50208.28,43712.32
11,33,52,452162.55,427866.74,24295.810000000005,38566.8,31613.63
11,34,52,1224930.54,1106008.56,118921.98000000001,84554.98999999999,83862.88
11,35,52,232545.42,215204.4,17341.020000000004,16447.21,15485.41
11,36,52,151526.63,158464.63,-6938.0,7423.799999999999,6208.05
11,37,52,214794.5,195868.59,18925.909999999996,16730.09,15739.39
11,38,52,3699467.81,3804040.66,-104572.85,258832.81,278536.39
11,40,52,2892054.97,2743580.89,148474.08,217797.96000000002,205402.74
11,41,52,61397.36,69396.53,-7999.170000000001,7177.3,6649.37
11,42,52,345712.12,304768.58,40943.54,25941.81,22890.59
11,44,52,335412.01,265779.51,69632.5,25714.83,19685.76
11,45,7,142.52,374.73,-232.20999999999998,0,0
11,46,52,1499013.96,1420218.93,78795.03,120042.42,103697.91
11,47,3,90.0,-99.0,189.0,0,0
11,49,52,462630.27,396421.74,66208.53,33295.18,27619.98
11,52,52,162139.4,120897.8,41241.6,12342.2,10783.63
11,54,48,3610.12,5811.7300000000005,-2201.61,336.16,486.28
11,55,52,619619.37,707689.66,-88070.29000000001,86833.35,78741.83
11,56,52,153636.8,172760.16,-19123.359999999997,5556.58,6222.4400000000005
11,58,52,131101.0,139071.97,-7970.969999999999,14442.5,14356.5
11,59,52,41791.64,80655.39,-38863.75,6958.96,11133.109999999999
11,60,28,6224.2,4063.8,2160.4,329.2,183.0
11,67,52,533320.85,525651.71,7669.140000000008,41435.72,42712.25
11,71,52,556773.65,459944.39,96829.26000000001,51124.06,41730.35
11,72,52,3861086.25,3803944.2399999998,57142.01000000001,513133.43,478451.63
11,74,52,1199692.72,1202100.72,-2407.9999999999964,108010.22,101990.79
11,79,52,1678638.59,1584692.03,93946.56000000001,133965.78999999998,120801.13
11,80,52,753657.27,681176.17,72481.1,57259.81,50220.56
11,81,52,681657.33,657483.26,24174.070000000007,50850.92,49747.3
11,82,52,1311464.73,1229312.07,82152.66,106254.04,91603.15
11,83,52,174212.12,169890.11,4322.010000000002,13126.36,12853.91
11,85,52,92012.91,95416.42,-3403.509999999999,6348.47,7154.24
11,87,52,879918.92,720098.62,159820.3,67602.43,54472.87
11,90,52,2629156.4,2572505.15,56651.24999999999,208194.22,195931.55
11,91,52,2187242.76,2176836.33,10406.429999999993,158633.45,155885.22
11,92,52,4251037.55,3980527.94,270509.61,343845.84,310431.32
11,93,52,1792487.21,1705978.68,86508.53,145862.66,133065.72999999998
11,94,52,1992714.39,1927485.08,65229.30999999996,144110.27,137096.63
11,95,52,4021667.23,4001332.06,20335.169999999955,291115.19,290366.68
11,96,52,1137779.75,1161342.74,-23562.990000000005,99569.20999999999,109456.68000000001
11,97,52,865347.5,864953.99,393.5099999999911,62889.38,63410.159999999996
11,98,52,477707.47,510719.91,-33012.44000000001,44022.17,45015.28
11,99,11,1155.32,2150.0,-994.68,30.1,80.0
12,1,52,954270.4,898100.8200000001,56169.57999999998,76536.35,69676.21
12,2,52,4058026.63,3790290.11,267736.51999999996,312324.07,279437.72
12,3,52,930037.68,871613.13,58424.549999999996,64927.46,61051.200000000004
12,4,52,1407905.51,1404753.17,3152.3399999999965,110562.98,110124.07
12,5,52,1433897.19,1527946.41,-94049.21999999999,173482.02,184471.32
12,6,52,304736.78,380532.13,-75795.34999999999,52841.08,48113.34
12,7,52,1941389.05,1888114.17,53274.87999999998,224309.97999999998,168257.69
12,8,52,2230024.45,2201861.8,28162.650000000016,168295.38,166113.04
12,9,52,1009518.46,969410.02,40108.439999999995,78552.98999999999,66420.81999999999
12,10,52,944795.89,914557.33,30238.56000000001,67930.53,64533.34
12,11,52,948531.58,897489.9,51041.68,71022.79999999999,73833.6
12,12,52,247365.88999999998,247124.17,241.7199999999998,17315.04,16055.16
12,13,52,2434278.61,2450768.51,-16489.899999999994,191329.3,185645.14
12,14,52,1088872.95,1005097.83,83775.12000000001,117559.62,100071.28
12,16,52,365713.52,367361.43,-1647.909999999996,20048.719999999998,18124.93
12,17,52,629884.04,581322.0,48562.04000000001,55439.2,50632.880000000005
12,18,38,512201.8,467717.87,44483.92999999999,70124.28,59294.72
12,19,52,157275.01,151540.83,5734.180000000001,11231.95,11504.43
12,20,52,345301.27,322729.95,22571.319999999992,26555.449999999997,27219.74
12,21,52,221174.59,218665.7,2508.8899999999985,18655.26,15784.33
12,22,52,531320.67,511959.79,19360.88,57190.38,50045.5
12,23,52,2095256.25,2035519.07,59737.18000000004,173902.88,175876.3
12,24,52,600607.7,573185.4,27422.299999999996,51854.07,51740.079999999994
12,25,52,1053048.33,1051168.54,1879.7900000000282,80574.78,79441.59
12,26,52,724377.38,731577.81,-7200.43,62427.03999999999,62426.53
12,27,52,108884.34,106837.23,2047.1099999999994,9665.19,9435.99
12,28,52,44902.74,47797.69,-2894.95,4405.11,4713.43
12,29,52,398103.17,354463.9,43639.270000000004,39946.630000000005,37131.229999999996
12,30,52,287873.03,308247.11,-20374.079999999998,21343.07,23752.36
12,31,52,174083.08,194262.2,-20179.120000000003,12108.61,13815.88
12,32,52,495916.78,497322.61,-1405.829999999998,45273.44,44318.18
12,33,52,585843.64,570755.48,15088.160000000007,49785.66,54906.83
12,34,52,1246008.39,1146779.52,99228.87,101915.64,101280.04000000001
12,35,52,148725.54,154297.13,-5571.59,12315.36,12824.869999999999
12,36,52,126804.41,146430.47,-19626.059999999998,6644.92,13324.15
12,38,52,3048152.83,2560512.35,487640.48,211818.11000000002,172364.09
12,40,52,2624281.64,2483865.24,140416.40000000002,198569.03,187782.32
12,41,52,56334.75,28592.47,27742.28,5838.25,2932.78
12,42,52,352686.85,298181.37,54505.479999999996,26723.239999999998,23497.27
12,44,52,378421.5,344871.98,33549.520000000004,31282.43,27968.49
12,45,14,76.46000000000001,425.19,-348.73,47.88,15.870000000000001
12,46,52,1883169.28,1687244.68,195924.59999999998,154764.28,118857.20999999999
12,47,3,425.0,-330.0,755.0,0,0
12,49,10,355.1,-29.54,384.64,0,0
12,52,52,195029.52,196337.56,-1308.039999999999,17241.2,16788.38
12,54,45,2560.92,3769.7599999999998,-1208.84,316.56,521.86
12,55,52,703031.1,775265.78,-72234.68000000001,98477.45,86814.16
12,56,52,47900.42,52777.49,-4877.07,1065.97,1124.52
12,58,48,140772.5,83855.97,56916.53,8077.5,9757.0
12,59,52,40192.73,97907.41,-57714.68,6966.66,18926.15
12,60,52,21244.2,22721.6,-1477.4,1424.0,1691.4
12,67,52,336088.43,321767.33,14321.099999999999,27452.76,23624.83
12,71,52,416579.26,382491.7,34087.56,41527.67,34248.49
12,72,52,3211799.02,3221315.5,-9516.480000000003,573964.9199999999,550090.34
12,74,52,918936.0,896491.77,22444.230000000003,83309.89,75524.02
12,79,52,2273825.18,2193309.49,80515.69,176526.55,162432.58000000002
12,80,52,5087.27,1578.65,3508.62,367.71999999999997,96.8
12,81,52,387451.52,390354.85,-2903.3300000000017,28136.73,28234.620000000003
12,82,52,874629.29,785322.1900000001,89307.1,77225.36,63246.020000000004
12,83,52,11929.63,9678.45,2251.18,784.4100000000001,901.1800000000001
12,85,52,110587.08,122049.03,-11461.95,8877.73,8207.84
12,87,52,666042.21,550935.79,115106.42,51345.31,42033.78
12,90,52,643299.36,572530.05,70769.31000000001,51167.270000000004,42009.16
12,91,52,360771.95,342409.09,18362.86,26132.49,22186.57
12,92,52,1386516.52,1266109.1,120407.42,111755.63,98165.93
12,93,52,35874.02,27528.65,8345.37,2959.7200000000003,2230.38
12,94,28,12526.62,14226.67,-1700.05,650.44,10.44
12,95,52,2220221.48,2216410.74,3810.7399999999907,161555.66999999998,156817.1
12,97,52,125704.76,120422.09,5282.670000000001,9310.58,8448.36
12,98,52,37905.33,39971.48,-2066.1500000000005,3229.69,2586.28
13,1,52,2576629.55,2487338.93,89290.62000000002,181384.46,161821.89
13,2,52,4084400.4499999997,3929021.97,155378.47999999992,308010.36,279169.36
13,3,52,1393516.68,1345729.74,47786.94,174690.79,81345.2
13,4,52,2345364.85,2182935.6,162429.25,188234.32,167891.59
13,5,52,2940338.25,3166503.58,-226165.33000000002,377867.81,317743.2
13,6,52,340794.22000000003,435795.9,-95001.68,53626.12,57253.3
13,7,52,3290247.71,3308811.73,-18564.020000000026,340342.52,307286.14
13,8,52,1909746.44,1885595.29,24151.150000000027,143626.62,143516.44
13,9,52,2112314.44,2032041.29,80273.15,144367.23,116922.31
13,10,52,1575759.9,1509417.92,66341.98000000001,111350.03,129658.12
13,11,52,1140152.76,1091428.25,48724.51,94536.67,92204.79000000001
13,12,52,405811.68,399284.84,6526.8399999999965,25422.38,26181.59
13,13,52,2517097.48,2457381.79,59715.69000000001,192349.19,178687.72
13,14,52,1469496.01,1386043.79,83452.21999999997,164689.91,144782.79
13,16,52,1130239.55,1034294.7,95944.85,30657.8,37317.37
13,17,52,892426.16,925902.37,-33476.20999999999,82410.7,76794.52
13,18,42,837046.54,814589.47,22457.069999999996,116832.18,99881.52
13,19,52,187716.07,223185.79,-35469.719999999994,13594.05,17275.05
13,20,52,446676.77,437186.36,9490.41,37084.659999999996,33711.65
13,21,52,457586.58,477794.91000000003,-20208.329999999998,40211.17,35587.2
13,22,52,867325.04,871153.77,-3828.7300000000014,87418.69,87143.0
13,23,52,1665436.7,1544205.82,121230.88,140173.86,124488.01
13,24,52,579924.22,538135.16,41789.06,60236.25,47512.6
13,25,52,816311.35,777820.67,38490.68000000001,57701.04,65295.84
13,26,52,670180.22,685991.63,-15811.409999999993,60427.869999999995,60629.04
13,27,52,159627.51,139379.76,20247.75,15147.26,11515.68
13,28,52,72434.36,74607.41,-2173.05,5595.76,6066.65
13,29,52,340478.54,325467.1,15011.439999999999,31862.47,29146.4
13,30,52,228196.37,233554.42,-5358.050000000003,16557.97,14236.349999999999
13,31,52,216693.86,212165.94,4527.92,18243.67,15794.55
13,32,52,577089.07,521949.92,55139.149999999994,49747.49,38531.46
13,33,52,585418.45,566173.4,19245.05,61938.93,50860.86
13,34,52,1074539.15,911367.63,163171.52,80396.78,65418.47
13,35,52,186864.3,193077.43,-6213.129999999999,12816.34,12774.07
13,36,52,97742.23,167268.62,-69526.39,6635.79,11050.02
13,37,52,171029.76,181618.37,-10588.609999999997,13331.720000000001,14953.53
13,38,52,4675295.54,4304827.19,370468.35,329555.79,297861.41
13,40,52,4164656.76,3996748.04,167908.71999999997,306844.81,308635.89
13,41,52,133971.46,170145.15,-36173.689999999995,14237.84,18360.239999999998
13,42,52,423597.09,406324.42,17272.670000000002,32305.55,29687.309999999998
13,44,52,534758.47,546019.74,-11261.269999999995,45555.0,51363.45
13,45,19,427.26,350.26,77.0,23.91,40.29
13,46,52,2270567.67,2124148.6,146419.07,174768.07,148851.45
13,48,48,64506.99,67724.27,-3217.28,8126.0,5963.0
13,49,52,474845.37,472774.63,2070.74,34597.55,39300.96
13,50,52,112552.75,113792.0,-1239.25,8805.25,9534.0
13,52,52,225166.79,249546.7,-24379.910000000003,21984.63,21896.510000000002
13,54,49,3064.7599999999998,4571.4400000000005,-1506.68,278.16,229.44
13,55,52,1033349.4400000001,1146737.94,-113388.5,150606.71,144768.55
13,56,52,344327.17,326900.82,17426.35,6869.599999999999,6643.73
13,58,52,438472.97,333696.91,104776.06,42682.5,31747.0
13,59,52,47344.11,102109.0,-54764.89,7585.92,22021.940000000002
13,60,52,50546.4,50654.0,-107.5999999999998,3425.2,3278.8
13,67,52,877314.95,818269.8200000001,59045.129999999976,66317.4,61802.05
13,71,52,500354.35,489574.59,10779.76,51061.05,49167.54
13,72,52,4117698.82,4185132.09,-67433.26999999999,547470.12,522985.38999999996
13,74,52,1559505.33,1522253.98,37251.350000000006,150241.06,139635.82
13,79,52,2791459.11,2713761.72,77697.39000000001,216237.26,198642.32
13,80,52,1025589.47,956580.96,69008.51,76200.14,73577.1
13,81,52,1788405.85,1726960.6400000001,61445.209999999985,123686.25,119742.55
13,82,52,1853415.59,1783181.73,70233.86000000003,162387.21,127728.2
13,83,52,266010.38,251932.18,14078.200000000004,22108.36,21815.32
13,85,52,247360.5,248722.49,-1361.9900000000007,17237.37,16068.08
13,87,52,936218.12,758696.93,177521.19,76925.89,60121.11
13,90,52,6450155.07,6024543.32,425611.75,502704.92,453131.47000000003
13,91,52,4331569.27,4159990.54,171578.72999999998,318961.05,309033.30000000005
13,92,52,9231204.72,8255112.05,976092.6699999999,716827.12,624851.77
13,93,52,2798787.71,2581638.06,217149.65000000002,215556.65000000002,191499.9
13,94,52,4147653.06,3849645.49,298007.56999999995,294792.93,270822.75
13,95,52,7482384.01,6895183.06,587200.95,552345.52,509113.93
13,96,52,484141.72,456336.88,27804.839999999997,39935.43,41050.08
13,97,52,1475919.32,1426848.05,49071.26999999999,105731.67,102886.76000000001
13,98,52,778023.58,782060.23,-4036.649999999998,65134.67,64695.21
13,99,9,1640.16,1755.0,-114.83999999999996,10.1,40.0
14,1,52,1618854.46,1576289.51,42564.94999999997,114250.98,98855.98
14,2,52,3803604.74,4048826.91,-245222.16999999995,285458.23,288293.15
14,3,52,928163.35,1029042.3,-100878.95,119304.21,126056.26000000001
14,4,52,2583657.93,2775930.72,-192272.79,214616.59,218323.74
14,5,52,1585478.45,1892971.83,-307493.38,201863.42,218641.45
14,6,52,264809.55,400032.54,-135222.99,44274.54,47897.78
14,7,52,2760132.1,3041115.19,-280983.09,300895.96,263808.11
14,8,52,2629376.61,2841820.83,-212444.22,197183.44,200930.01
14,9,52,1073524.4,1126235.82,-52711.420000000006,68057.53,74925.41
14,10,52,987663.6799999999,1042583.42,-54919.74000000002,71330.47,77712.25
14,11,52,1000235.97,1058021.68,-57785.71000000001,81556.67,78704.0
14,12,52,266278.89,272475.17,-6196.279999999999,17632.43,16163.92
14,13,52,2890911.65,3132935.07,-242023.42,224803.51,234258.3
14,14,52,1274904.95,1313668.16,-38763.20999999999,149233.32,141373.19999999998
14,16,52,1174867.98,1449294.8,-274426.82,27784.0,31975.06
14,17,52,1107774.54,1209693.9,-101919.35999999999,105306.1,97979.86
14,18,46,765265.79,719807.2999999999,45458.49000000003,100670.66,89510.98999999999
14,19,52,112121.65,31491.25,80630.4,8490.3,2097.66
14,20,52,538524.18,588227.77,-49703.590000000004,46119.75,46609.28
14,21,52,434949.3,443423.61,-8474.310000000003,36411.85,33709.22
14,22,52,920322.45,1004009.69,-83687.23999999999,100449.8,89798.11
14,23,52,1843605.82,1888368.55,-44762.73000000001,157005.79,147712.63
14,24,52,446332.19,480474.05,-34141.86,47766.93,51080.09
14,25,52,708202.2,741632.69,-33430.490000000005,58412.15,73595.31999999999
14,26,52,578660.47,632526.3,-53865.83000000001,50549.28,52858.93
14,27,52,130016.03,135835.96,-5819.93,12999.21,12291.95
14,28,52,61750.840000000004,63829.31,-2078.4699999999993,4993.12,4674.59
14,29,52,485161.68,521041.66,-35879.98,46481.09,43339.42
14,30,52,297466.02,329656.09,-32190.07,23493.35,25674.4
14,31,52,175418.66,218605.03,-43186.37,19342.04,25115.55
14,32,52,629279.08,711498.4,-82219.31999999999,66607.59,54506.71
14,33,52,458284.36,505343.59,-47059.229999999996,50952.57,54563.4
14,34,52,1236297.49,1234078.76,2218.7300000000014,85040.34,86486.13
14,35,52,203587.36,208878.84,-5291.479999999998,14378.17,14475.84
14,36,52,169683.5,186139.84,-16456.339999999997,7218.1900000000005,7698.47
14,38,52,4982133.15,5488425.1,-506291.94999999995,350515.42,394063.44
14,40,52,3701285.88,3686239.62,15046.260000000024,297741.45,271752.56
14,41,52,185796.51,250461.3,-64664.79,14681.75,18589.48
14,42,52,400717.09,404141.03,-3423.9399999999987,28216.16,28157.05
14,44,52,274110.01,274193.9,-83.8899999999976,23232.97,22812.41
14,46,52,1671162.27,1711120.95,-39958.67999999998,127868.68,121085.27
14,49,52,609058.22,612637.88,-3579.659999999997,41418.43,37704.04
14,50,52,104115.0,109455.8,-5340.8,6555.0,7317.5
14,51,22,226.8,422.92,-196.12,12.04,31.96
14,52,52,131147.42,115717.17,15430.25,13104.310000000001,9958.65
14,54,42,2530.32,5290.27,-2759.95,501.56,938.4
14,55,52,832536.44,887805.51,-55269.06999999999,127179.43,101595.91
14,56,52,255415.17,298226.37,-42811.2,7296.68,7487.150000000001
14,58,52,526481.47,341732.47,184749.0,41512.5,34019.0
14,59,52,50425.32,114479.83,-64054.51,9264.34,21946.78
14,60,52,19986.0,19156.56,829.4399999999998,979.4,1124.6
14,67,52,752009.36,740382.13,11627.23,60371.22,56619.47
14,71,52,489917.17,469319.69,20597.48000000001,50699.8,49191.13
14,72,52,4742236.12,5208317.81,-466081.68999999994,693073.95,730230.71
14,74,52,1223157.89,1376604.68,-153446.79,120205.66,119946.24
14,79,52,1855678.43,1904720.28,-49041.85000000001,148918.67,146233.03
14,80,52,1719839.76,1939035.3,-219195.53999999998,130820.3,148749.61
14,81,52,1857443.56,2155930.45,-298486.89,140857.27,161363.23
14,82,52,1441870.07,1472311.56,-30441.489999999987,137031.25,108333.75
14,83,52,514991.63,563543.49,-48551.86,44650.479999999996,49415.41
14,85,52,106929.45,127629.88,-20700.43,7382.889999999999,8485.539999999999
14,87,52,953528.8,842270.16,111258.64,81525.54000000001,65696.26
14,90,52,5225047.35,5765240.8,-540193.4500000001,440566.82,460513.18
14,91,52,4308484.03,4804666.52,-496182.49,336880.23,368375.04
14,92,52,9125029.69,9627600.3,-502570.61,771848.52,772063.38
14,93,52,2914613.76,3313225.64,-398611.88,241616.16,273513.01
14,94,52,2942273.65,3389676.39,-447402.74,227449.12,252273.38
14,95,52,6688071.49,7619187.17,-931115.68,509198.58999999997,562039.73
14,97,52,1196967.69,1374842.05,-177874.36000000002,98603.93,104109.47
14,98,52,866495.4199999999,946954.74,-80459.32000000002,82064.23999999999,81021.16
14,99,10,2200.49,2035.0,165.48999999999984,20.14,120.0
15,1,52,729275.81,743418.19,-14142.379999999996,54352.52,48949.99
15,2,52,1324915.91,1368022.79,-43106.88000000002,98897.7,95710.25
15,3,52,522902.78,542191.4400000001,-19288.660000000003,53117.53,54239.53
15,4,52,675755.93,678028.79,-2272.8600000000024,52982.270000000004,51382.09
15,5,52,833138.08,948418.93,-115280.85,132526.82,126563.7
15,6,52,174456.59,246632.26,-72175.67,27076.079999999998,35287.119999999995
15,7,52,1176391.75,1231718.34,-55326.59000000001,131980.38,120317.04000000001
15,8,52,1066277.93,1058066.59,8211.34,80617.82,74272.15
15,9,52,810039.26,807717.93,2321.3299999999917,46766.22,48686.06
15,10,52,596305.39,618685.07,-22379.679999999993,44539.84,38699.6
15,11,52,742822.56,690823.03,51999.53,49070.86,51033.07
15,12,52,184324.38,182549.42,1774.9600000000012,13134.82,10974.85
15,13,52,934411.08,964344.89,-29933.810000000012,67993.78,70339.4
15,14,52,648762.06,688491.32,-39729.25999999999,67641.58,74593.76
15,16,52,675996.17,699757.51,-23761.340000000007,16428.21,16239.51
15,17,52,574620.71,594253.68,-19632.97,51126.5,51772.67
15,18,40,301243.62,299932.22,1311.4000000000005,52999.08,51279.92
15,19,52,55139.98,59356.85,-4216.87,4089.15,5248.87
15,20,52,223526.51,226615.75,-3089.2400000000002,18635.47,18243.22
15,21,52,158888.1,156579.71,2308.390000000002,12721.69,12476.0
15,22,52,438366.11,435426.02,2940.0899999999956,44184.93,42385.1
15,23,52,1112702.22,1119213.22,-6511.000000000018,89384.33,87680.52
15,24,52,242809.98,256609.93,-13799.950000000003,27087.69,24183.129999999997
15,25,52,433866.57,482115.19,-48248.62000000001,35179.91,34833.6
15,26,52,248380.82,262099.64,-13718.82,21554.29,25483.32
15,27,52,82057.91,83827.71,-1769.8000000000002,7654.95,7045.4
15,28,52,33543.8,35983.73,-2439.9300000000007,2653.7999999999997,2881.13
15,29,52,236809.96,254672.5,-17862.54,21204.25,21021.57
15,30,52,162528.58,175014.6,-12486.02,12270.52,12452.2
15,31,52,112606.16,126179.3,-13573.14,12267.89,10486.68
15,32,52,257717.87,257570.54,147.33000000000084,23015.52,19399.77
15,33,52,223943.07,215852.93,8090.139999999998,23099.62,22613.3
15,34,52,648609.38,704206.59,-55597.210000000014,41520.01,49730.7
15,35,52,129444.21,146261.85,-16817.64,9131.22,9565.34
15,36,52,69378.34,73656.73,-4278.389999999999,6383.87,5228.64
15,38,52,2654493.24,2759667.44,-105174.2,186918.66999999998,197802.3
15,40,52,1580313.81,1583784.03,-3470.2200000000084,113265.69,124812.94
15,41,52,70867.53,68959.46,1908.0700000000004,6611.57,5693.0
15,42,52,190201.17,182319.24,7881.930000000001,13003.87,13607.52
15,44,52,186826.88,171208.71,15618.169999999998,16350.49,14415.78
15,46,52,641395.01,655777.28,-14382.27,50672.5,51128.07
15,47,1,189.5,300.0,-110.5,0,0
15,49,52,503737.51,498039.1,5698.41,37280.54,33511.11
15,50,52,124159.5,114110.0,10049.5,9038.0,6656.0
15,52,52,79385.4,78939.78,445.6200000000016,8160.68,6340.82
15,54,28,863.5600000000001,1296.8700000000001,-433.31,244.24,128.66
15,55,52,348755.19,361122.66,-12367.470000000003,56243.21,49491.94
15,56,52,181744.04,181627.98,116.05999999999783,5219.99,4791.33
15,58,32,25710.0,26526.0,-816.0,2225.0,2815.0
15,59,52,12330.050000000001,20607.88,-8277.83,2002.93,2941.9
15,60,46,5077.2,5049.4,27.79999999999994,350.0,158.4
15,67,52,307300.44,319579.05,-12278.610000000002,23566.61,23606.54
15,71,52,221137.71,234009.1,-12871.39,24356.78,23452.98
15,72,52,2062644.56,2350974.05,-288329.49,408378.32999999996,425355.46
15,74,52,695569.91,727789.05,-32219.140000000007,68081.98000000001,66513.77
15,79,52,425163.09,430533.29,-5370.199999999999,34864.73,33058.8
15,80,48,2932.52,1620.14,1312.38,191.05,119.36
15,81,52,219044.01,225430.55,-6386.540000000001,16420.24,15622.55
15,82,52,571310.61,592537.7,-21227.089999999997,49455.47,43758.229999999996
15,83,52,15914.22,16630.92,-716.6999999999998,2081.3199999999997,2096.54
15,85,52,168540.61000000002,172589.52,-4048.909999999998,10906.51,13927.46
15,87,52,527962.1,453487.12,74474.98000000001,45593.42,33826.89
15,90,52,280507.1,275766.2,4740.9,23645.04,22106.36
15,91,52,175307.48,181740.26,-6432.78,13344.43,13969.970000000001
15,92,52,1016978.5,919776.92,97201.57999999999,81993.9,71326.11
15,93,52,19441.85,21323.31,-1881.4600000000005,1725.09,1447.4099999999999
15,94,17,8742.73,7150.44,1592.2899999999997,315.14,249.62
15,95,52,1389114.72,1394735.73,-5621.010000000002,99936.42,100675.72
15,96,52,165600.5,126281.65,39318.85,10777.06,9663.92
15,97,52,93204.06999999999,108780.49,-15576.420000000002,6088.75,7048.3
15,98,50,21887.4,10349.14,11538.26,1713.19,875.3399999999999
16,1,52,549138.96,614614.08,-65475.119999999995,43959.36,48224.759999999995
16,2,52,1210951.11,1248494.97,-37543.860000000015,95218.79,92398.37
16,3,52,377049.77999999997,391375.58,-14325.8,30980.92,28741.26
16,4,52,752398.78,789548.64,-37149.86,59147.5,61594.08
16,5,52,717622.47,737549.54,-19927.06999999999,90879.94,83242.05
16,6,52,247557.87,267032.0,-19474.129999999994,35299.66,35369.17
16,7,52,557716.01,656143.84,-98427.83,56801.75,59606.97
16,8,52,725669.17,783777.77,-58108.59999999999,53356.100000000006,60554.83
16,9,52,1464612.7,1429503.54,35109.159999999974,116425.23,123033.15999999999
16,10,52,620560.6,701069.4,-80508.8,46767.23,65939.77
16,11,52,669120.42,623661.39,45459.03,57229.71,55241.24
16,12,52,210268.08,204793.99,5474.089999999998,13215.26,12597.5
16,13,52,756184.4,792994.23,-36809.830000000016,58411.96,57024.56
16,14,52,435213.09,477851.03,-42637.94,49829.14,48456.38
16,16,52,501575.42,499149.45,2425.9699999999966,16056.68,14746.52
16,17,52,409260.0,358261.74,50998.259999999995,39392.71,29370.99
16,18,35,144765.77,151590.1,-6824.330000000001,15396.65,15818.560000000001
16,19,52,67582.3,34583.68,32998.62,5107.3,2819.14
16,20,52,176844.83,169519.36,7325.470000000001,14553.130000000001,12388.49
16,21,52,179848.04,195741.22,-15893.179999999998,14935.83,14886.45
16,22,52,346918.8,328703.0,18215.8,37732.479999999996,32563.68
16,23,52,633748.76,573612.78,60135.98,52456.58,53859.71
16,24,52,120261.27,121674.93000000001,-1413.6600000000005,10361.86,10889.44
16,25,52,271926.62,260019.54,11907.08,22982.34,21962.16
16,26,52,103615.42,107335.75,-3720.330000000001,8978.13,9552.77
16,27,52,41655.24,41498.12,157.1200000000003,3533.96,2884.55
16,28,52,15004.3,15829.210000000001,-824.9100000000002,1551.63,1618.3600000000001
16,29,52,76359.06,86409.7,-10050.64,7098.91,7351.860000000001
16,30,52,64309.57,66005.97,-1696.400000000001,3981.83,4228.42
16,31,52,61719.63,65037.57,-3317.9399999999996,6013.99,6532.99
16,32,52,240892.75,243919.83,-3027.079999999999,23066.54,21715.42
16,33,52,118785.21,113789.87,4995.339999999999,8543.26,9538.46
16,34,52,259222.66,262212.7,-2990.039999999997,17100.84,16518.85
16,35,52,12651.35,39371.52,-26720.17,957.03,2663.17
16,36,52,92163.5,89977.3,2186.1999999999994,10021.880000000001,12660.97
16,38,52,2695860.69,2757048.54,-61187.849999999984,219975.52000000002,196356.1
16,40,52,1597161.24,1700818.37,-103657.13,131350.11,136841.12
16,41,52,69168.63,93428.82,-24260.190000000002,6250.47,10577.42
16,42,52,204364.01,187576.98,16787.030000000002,13822.02,14749.02
16,44,52,221518.96,190784.82,30734.140000000003,17494.0,14738.83
16,45,6,126.27,96.98,29.29,17.31,22.94
16,46,52,700878.7000000001,778260.39,-77381.68999999999,54503.520000000004,56324.44
16,47,1,54.0,54.0,0.0,54.0,54.0
16,49,7,260.24,671.08,-410.84000000000003,0,0
16,51,1,1.98,29.96,-27.98,0,0
16,52,52,83222.12,80660.11,2562.010000000001,7510.91,6705.02
16,54,31,768.92,1452.97,-684.0500000000001,-15.040000000000003,290.72
16,55,52,361038.22,388823.48,-27785.260000000002,50305.15,44940.24
16,56,51,339731.06,278869.79,60861.27,3125.99,3307.77
16,58,1,480.0,230.0,250.0,0,0
16,59,29,1530.9,4006.11,-2475.21,476.21000000000004,690.05
16,60,52,6234.4,5967.18,267.21999999999997,372.6,457.6
16,67,52,196259.89,166858.77,29401.12,16892.87,16262.91
16,71,52,122612.75,111242.29,11370.46,11383.49,10237.380000000001
16,72,52,1745849.58,1736160.05,9689.529999999997,249803.73,225840.61
16,74,52,468570.01,535049.41,-66479.4,39977.53,47626.43
16,79,52,275058.58,294988.18,-19929.600000000002,22706.43,22919.73
16,80,48,34535.03,1231.6200000000001,33303.409999999996,2295.33,-430.81
16,81,52,205829.51,210945.95,-5116.439999999999,14927.8,15719.92
16,82,52,484845.23,512417.39,-27572.16000000001,42035.03,42228.8
16,83,5,996.7,1006.9,-10.19999999999996,0,0
16,85,52,124814.79,148759.72,-23944.93,9846.8,10717.3
16,87,52,591318.55,438343.92,152974.63,50389.14,32559.809999999998
16,90,52,461971.49,327827.84,134143.65,38899.83,26062.98
16,91,52,332044.69,90176.06999999999,241868.62,25677.89,5874.59
16,92,52,1264770.51,1042398.85,222371.66,97540.58,81198.54000000001
16,93,5,4379.52,3370.06,1009.4600000000002,0,0
16,94,19,31349.440000000002,8897.24,22452.2,0,0
16,95,52,1587446.47,1369320.1300000001,218126.33999999997,115961.89,100613.97
16,96,52,8028.78,6774.69,1254.0900000000001,653.61,370.82
16,97,52,142352.62,100379.21,41973.409999999996,10275.52,6584.12
16,98,19,863.89,1066.19,-202.3,103.07,59.5
17,1,52,1295481.36,1174029.64,121451.72,87354.37,78554.8
17,2,52,2285148.69,2155348.04,129800.65000000002,185346.38,160824.15
17,3,52,1024558.8200000001,994231.49,30327.33,86139.04000000001,82310.88
17,4,52,1315161.54,1227782.31,87379.23,112160.84,102213.06
17,5,52,1484723.34,1496425.38,-11702.039999999988,217380.34,155366.84
17,6,52,266612.95,325417.94,-58804.99,36909.3,40262.22
17,7,52,1059200.03,1054280.8599999999,4919.170000000011,112924.89,100732.47
17,8,52,1066028.51,1031073.01,34955.50000000001,79056.36,74802.02
17,9,52,1463884.71,1340198.17,123686.53999999996,104005.29,73623.05
17,10,52,738248.34,736126.12,2122.2199999999903,53095.61,53129.0
17,11,52,798196.85,740289.18,57907.670000000006,72932.27,69323.8
17,12,52,403255.89,368169.66000000003,35086.229999999996,26512.16,25061.75
17,13,52,1294401.49,1257763.5,36637.990000000005,108735.78,101688.74
17,14,52,799830.1900000001,746170.18,53660.01000000001,102092.42,82234.3
17,16,52,591218.35,521770.53,69447.81999999999,7526.53,14770.490000000002
17,17,52,537033.26,546202.6,-9169.339999999997,54787.47,49108.17
17,18,34,312366.02999999997,304956.22,7409.8099999999995,44075.43,42152.56
17,19,52,208450.93,235453.4,-27002.47,12348.66,14035.949999999999
17,20,52,234112.54,225595.61000000002,8516.93,29681.97,26357.75
17,21,52,206343.65,206157.53,186.12000000000398,16489.13,13341.45
17,22,52,411724.21,404757.32,6966.889999999997,50914.33,48075.65
17,23,52,748614.89,699486.84,49128.05,60238.590000000004,49862.4
17,24,52,265758.94,258994.34,6764.600000000002,21508.11,22199.69
17,25,52,291926.12,278831.36,13094.76,20272.17,22664.7
17,26,52,401610.44,406700.3,-5089.859999999997,31575.65,32642.33
17,27,52,80601.01,71332.94,9268.07,6941.65,5377.94
17,28,52,62332.58,68403.34,-6070.759999999999,4559.74,4948.58
17,29,52,135474.33,139615.43,-4141.1,12148.74,10310.05
17,30,52,116433.16,118282.37,-1849.2100000000005,6548.07,6773.84
17,31,52,88704.84,109887.3,-21182.46,6982.5599999999995,8575.41
17,32,52,329383.46,297798.38,31585.08,25413.43,18254.989999999998
17,33,52,267418.34,269695.55,-2277.210000000002,22856.81,22129.31
17,34,52,594026.77,407664.47,186362.3,43380.090000000004,27776.54
17,35,52,69281.09,90057.09,-20776.0,5436.87,5321.43
17,36,52,71450.25,145579.61,-74129.36,5407.48,10206.5
17,38,52,4435519.22,3921506.3,514012.92000000004,288281.65,256230.03999999998
17,40,52,2555862.67,2413259.97,142602.69999999995,191427.68,174407.17
17,41,43,2059.96,1199.5,860.46,249.31,209.25
17,42,52,208208.73,197401.8,10806.930000000002,14098.64,12720.2
17,44,52,391723.62,402223.78,-10500.159999999996,29883.58,33845.55
17,45,26,510.78000000000003,500.84,9.940000000000024,5.97,11.94
17,46,52,1416097.52,1347000.27,69097.25,101620.95,89041.86
17,48,51,90596.18,50901.99,39694.19,7467.3,3073.0
17,49,23,671.96,1563.6499999999999,-891.6899999999999,-21.309999999999995,39.34
17,52,52,173709.6,187667.83,-13958.23,15619.31,14045.19
17,54,42,1975.44,2675.9900000000002,-700.55,144.72,220.83999999999997
17,55,52,542204.9,574577.45,-32372.550000000007,72333.3,65822.31
17,56,52,225543.08,211599.34,13943.74,3214.1,3112.03
17,58,50,69075.0,64611.0,4464.0,5505.0,6202.0
17,59,52,23715.63,34113.76,-10398.13,2057.94,2658.3199999999997
17,60,52,21601.8,19641.6,1960.2,1071.2,1117.6
17,67,52,427563.52,380567.04,46996.47999999999,30785.77,26346.780000000002
17,71,52,180160.36,183787.78,-3627.420000000002,22027.53,20122.12
17,72,52,2899093.66,2776841.09,122252.56999999998,406841.77,343208.67000000004
17,74,52,810573.46,773092.13,37481.32999999999,94341.9,88627.35
17,77,1,20.97,-20.97,41.94,0,0
17,79,52,1425552.61,1366472.26,59080.35,100469.23,94052.74
17,80,52,46771.03,42594.84,4176.190000000001,3105.63,2600.16
17,81,52,736912.89,664722.63,72190.26,48168.34,43188.26
17,82,52,986376.17,900530.66,85845.51000000001,79319.54,61515.89
17,83,52,28133.93,22795.5,5338.429999999999,2078.42,1732.37
17,85,52,207241.41,218390.58,-11149.17,14244.77,13595.58
17,87,52,783509.79,596250.94,187258.85,58404.33,38991.64
17,90,52,1851714.49,1547941.51,303772.98,136180.7,111049.65
17,91,52,709499.88,620261.3,89238.57999999999,47684.4,42745.700000000004
17,92,52,3154732.95,2641515.52,513217.43,246373.93,204575.0
17,93,52,213648.8,175475.78,38173.020000000004,15735.65,12087.57
17,94,27,23457.46,28159.190000000002,-4701.730000000001,53.47,370.12
17,95,52,2831965.19,2504345.6,327619.59,192683.63999999998,165543.2
17,97,52,437835.96,393587.84,44248.119999999995,29301.04,27002.78
17,98,46,10576.8,6437.68,4139.12,1255.3600000000001,1285.94
18,1,52,1087576.19,1174417.98,-86841.79000000004,82479.29000000001,82256.35
18,2,52,3173428.38,3217704.52,-44276.139999999985,242882.65,243985.32
18,3,52,798662.98,834357.22,-35694.240000000005,64130.55,73593.64
18,4,52,1392675.72,1344880.9,47794.82000000001,108766.13,103692.07
18,5,52,1129479.31,1257144.14,-127664.83,148892.77000000002,161577.95
18,6,52,231636.54,314639.39,-83002.85,35149.89,42709.4
18,7,52,1846179.94,1750825.01,95354.93000000002,207146.65,173215.61
18,8,52,1551740.62,1662872.35,-111131.73000000001,117721.55,125084.54000000001
18,9,52,855151.84,906987.17,-51835.33000000001,51730.799999999996,55368.56
18,10,52,820474.38,897427.52,-76953.14,62750.979999999996,70214.3
18,11,52,1018391.57,1076494.12,-58102.55000000001,67751.9,75472.65
18,12,52,171742.12,197862.16,-26120.039999999997,12392.82,13134.75
18,13,52,2090047.03,2172877.77,-82830.73999999998,164825.28,164263.37
18,14,52,1050677.6,1153004.99,-102327.38999999998,110489.45000000001,120220.03
18,16,52,748358.84,777683.22,-29324.380000000005,23873.44,31778.36
18,17,52,711368.31,792549.16,-81180.85,64685.54,71592.2
18,18,45,496555.91,516899.29,-20343.38000000001,69438.48,70541.93
18,19,52,117201.4,152821.79,-35620.39,8989.85,11550.95
18,20,52,384750.76,422948.09,-38197.33,33402.68,36673.12
18,21,52,237959.48,260934.85,-22975.370000000003,19876.96,19639.72
18,22,52,813508.86,808698.33,4810.5300000000125,80270.54999999999,73226.45999999999
18,23,52,1914173.35,1854766.68,59406.669999999984,138354.97999999998,140597.52
18,24,52,433346.71,443525.72,-10179.010000000004,37932.52,37614.0
18,25,52,823480.49,866430.92,-42950.43,58666.01,72048.06
18,26,52,493880.6,538555.61,-44675.01,41531.92,45474.11
18,27,52,148744.03,138364.62,10379.41,15104.86,10942.63
18,28,52,61667.22,61249.95,417.27000000000015,4504.0599999999995,5386.76
18,29,52,574652.26,518099.12,56553.14,47595.9,42806.47
18,30,52,297806.05,318748.13,-20942.08,20805.48,21944.42
18,31,52,130822.35,202410.94,-71588.59,9438.41,16582.22
18,32,52,432730.18,508506.26,-75776.08,40309.47,40323.04
18,33,52,434494.65,434158.58,336.06999999999516,39076.18,36964.54
18,34,52,1070362.43,986284.91,84077.51999999999,70660.54000000001,69499.7
18,35,52,206155.62,192806.66,13348.960000000001,12820.45,11330.05
18,36,52,123395.81,108466.88,14928.930000000002,6887.75,6312.9
18,38,52,3231443.02,3341339.79,-109896.77000000002,232226.28,256752.64
18,40,52,3068690.87,3136245.5100000002,-67554.64000000003,226694.58000000002,243904.88999999998
18,41,52,32459.79,48746.77,-16286.98,2477.38,2578.25
18,42,52,362377.49,339403.6,22973.89,27584.100000000002,25791.32
18,44,52,252650.64,264313.19,-11662.550000000003,21595.33,22591.14
18,45,2,83.78999999999999,10.0,73.78999999999999,0,0
18,46,52,1266951.92,1337382.7,-70430.78,100112.38,99297.5
18,49,52,532812.58,530769.93,2042.6499999999987,39499.66,38779.13
18,50,46,63567.4,35466.55,28100.85,5581.0,2165.0
18,52,52,131837.22,156456.68,-24619.46,13384.78,14417.81
18,54,41,2081.38,3547.56,-1466.18,102.8,387.82
18,55,52,533190.3,551358.1799999999,-18167.879999999994,77690.33,65040.29
18,56,52,233389.35,234906.68,-1517.3299999999963,4791.030000000001,2892.4700000000003
18,58,52,169099.5,169510.5,-411.0,5677.5,17060.5
18,59,52,41177.18,75824.64,-34647.46,8693.95,6615.89
18,60,47,8883.8,7480.6,1403.1999999999998,496.8,413.6
18,67,52,358460.99,417424.75,-58963.76,29644.13,33696.869999999995
18,71,52,389108.84,355886.02,33222.81999999999,42648.81,39478.11
18,72,52,2860504.66,3271221.92,-410717.26,493719.85,524955.72
18,74,52,1105106.16,1110850.23,-5744.069999999998,109486.05,99113.52
18,79,52,1162378.28,1113754.73,48623.55,100235.18,88789.11
18,80,49,35322.29,6824.39,28497.9,3232.33,449.45000000000005
18,81,52,722300.74,567094.46,155206.28,53887.259999999995,37038.36
18,82,52,826192.64,872489.08,-46296.439999999995,62730.24,64316.45
18,83,44,105743.34,31337.62,74405.72,8405.97,2312.52
18,85,52,102099.48,86011.35,16088.129999999997,7757.52,4536.63
18,87,52,1031240.69,954339.08,76901.61,83180.48,71410.1
18,90,52,1341597.57,721807.16,619790.41,105309.63,51435.26
18,91,52,1303071.77,403795.67,899276.1,105927.51000000001,21199.64
18,92,52,3414314.27,2186327.93,1227986.34,268515.62,173252.01
18,93,45,177157.07,45070.71,132086.36,9824.35,2207.73
18,94,43,375032.57,175083.45,199949.12,25655.01,12591.960000000001
18,95,52,3002723.22,2784557.52,218165.7,225762.84,202559.03
18,97,48,369124.01,172710.34,196413.67,20338.760000000002,9315.6
18,98,47,87492.41,14048.51,73443.9,5699.57,240.18
19,1,52,1177790.84,1104836.37,72954.47,84816.70999999999,79164.67
19,2,52,2600638.95,2597737.4,2901.550000000003,196096.02000000002,190342.96
19,3,52,934067.26,938523.91,-4456.649999999985,104091.40000000001,106574.20999999999
19,4,52,1613762.61,1623454.26,-9691.650000000009,128619.29000000001,126000.99
19,5,52,1377804.15,1636292.83,-258488.68,194015.15,206006.53
19,6,52,267447.77999999997,325521.54,-58073.76,40855.26,43522.48
19,7,52,1884606.36,1817913.34,66693.02,202817.33,173978.16
19,8,52,2216786.26,2179548.02,37238.239999999976,165471.21,164562.85
19,9,52,1702306.86,1512840.99,189465.87,117350.64,100332.31999999999
19,10,52,1481083.78,1456766.82,24316.960000000003,112500.47,95227.45999999999
19,11,52,1096213.18,1097289.85,-1076.6699999999964,76867.7,80320.51
19,12,52,309593.06,312733.74,-3140.6799999999957,18406.83,18045.2
19,13,52,1685927.09,1734310.43,-48383.34000000001,126725.5,131257.7
19,14,52,1019840.76,958916.15,60924.60999999999,108770.59,100094.76000000001
19,16,52,1340438.77,1305278.27,35160.5,39198.5,37954.07
19,17,52,868112.32,879780.53,-11668.209999999995,78048.41,70683.72
19,18,38,503452.55,492071.46,11381.090000000007,68034.31999999999,80042.48
19,20,52,333168.45,341124.82,-7956.370000000002,26986.36,28357.199999999997
19,21,52,367420.13,359146.41,8273.720000000005,28852.68,27399.57
19,22,52,633737.9,640698.2,-6960.300000000003,60106.6,58466.9
19,23,52,1505168.42,1456555.88,48612.54000000001,128740.15000000001,115557.72
19,24,52,294405.84,292762.49,1643.350000000004,32041.54,32073.05
19,25,52,646971.82,685027.32,-38055.49999999999,52954.399999999994,48556.869999999995
19,26,52,415600.6,396350.44,19250.16,34526.89,33688.67
19,27,52,128798.16,123433.17,5364.990000000002,13097.71,10721.96
19,28,52,41641.2,44687.61,-3046.41,3095.44,3433.91
19,29,52,316628.7,295131.4,21497.300000000003,30007.05,23813.28
19,30,52,212618.75,229799.01,-17180.260000000002,17192.12,17268.17
19,31,52,154691.16,164701.39,-10010.230000000001,16691.670000000002,16458.5
19,32,52,388835.19,402691.74,-13856.550000000001,36762.74,31937.88
19,33,52,318980.04,309198.79,9781.250000000007,33072.1,32403.239999999998
19,34,52,906278.95,845647.74,60631.21000000001,65733.12,61403.619999999995
19,35,52,186590.91,170154.74,16436.170000000002,11538.1,11390.94
19,36,52,96700.4,114844.2,-18143.8,7512.66,8137.88
19,37,52,144133.3,148328.78,-4195.48,11668.09,10833.49
19,38,52,3843619.5,4099727.02,-256107.52000000002,267831.45,298524.41000000003
19,40,52,2808098.23,2775090.53,33007.7,205186.08000000002,218199.43
19,41,52,176107.26,157764.73,18342.53,17366.54,13796.25
19,42,52,342263.95,326112.87,16151.079999999998,22644.77,22180.48
19,44,52,297691.3,283707.84,13983.459999999997,26030.75,23925.89
19,46,52,1067362.44,1058662.09,8700.35000000001,83187.14,81594.22
19,47,1,649.0,-97.97,746.97,0,0
19,49,52,284209.99,270128.68,14081.309999999996,17791.91,18786.17
19,50,50,52336.5,42041.0,10295.5,2285.0,2708.0
19,51,2,19.92,138.24,-118.32,0,0
19,52,52,85246.33,82164.33,3082.000000000001,8694.24,7913.58
19,54,40,1489.1399999999999,2978.17,-1489.03,136.28,355.64
19,55,52,683861.57,774256.73,-90395.16,104451.67,101506.92
19,56,52,268586.96,266243.84,2343.1200000000035,7230.92,5988.37
19,58,52,180125.0,147893.0,32232.0,14335.0,12319.0
19,59,52,24775.8,45959.84,-21184.04,3259.74,5202.66
19,60,52,27458.4,28431.0,-972.5999999999999,1801.4,2200.0
19,67,52,731777.5499999999,695012.12,36765.42999999998,58885.64,54513.68
19,71,52,326841.43,317341.6,9499.830000000005,33518.27,31671.35
19,72,52,3767124.34,4025207.85,-258083.51000000007,575215.79,586894.73
19,74,52,950062.31,950609.59,-547.2799999999788,91360.98999999999,87320.25
19,79,52,1063440.69,1131589.37,-68148.68,87933.78,86111.33
19,80,52,1118212.79,1162627.3,-44414.509999999995,84957.09,87140.34
19,81,52,1109486.51,1141433.16,-31946.65000000001,84118.61,85367.91
19,82,52,1313349.09,1240880.18,72468.90999999999,125542.34,94721.75
19,83,52,212251.0,219277.11,-7026.109999999999,21552.13,22095.71
19,85,52,237090.07,257195.12,-20105.05,17198.31,18664.73
19,87,52,966117.59,828682.23,137435.36,83016.65,64208.56
19,90,52,3487251.96,3562493.53,-75241.56999999995,289886.02,286184.42
19,91,52,2706647.15,2874953.18,-168306.03,212686.22,223685.94999999998
19,92,52,6047642.86,5889740.61,157902.24999999994,484601.97,466998.29000000004
19,93,52,1953370.84,1954370.66,-999.8200000000215,155742.2,153658.42
19,94,52,1876660.41,1962878.21,-86217.79999999999,139308.36,144308.02000000002
19,95,52,4847456.89,5003894.65,-156437.75999999995,369668.70999999996,381200.69
19,96,52,805766.4299999999,790367.17,15399.259999999993,64612.9,67501.96
19,97,52,1018428.36,1069142.39,-50714.02999999999,78776.12,78737.67
19,98,52,640899.21,676147.53,-35248.32,52811.01,53829.41
19,99,8,725.16,2955.0,-2229.84,0.06,240.0
20,1,52,2017140.03,2126218.6,-109078.57000000005,148717.72,142798.02000000002
20,2,52,4126397.09,4018129.1,108267.98999999995,308011.87,291347.38
20,3,52,816256.13,803493.61,12762.52,62735.7,63219.09
20,4,52,2724867.44,2673371.79,51495.650000000016,214648.81,200877.18
20,5,52,2132987.05,2369252.14,-236265.08999999997,317813.11,274154.01
20,6,52,385387.54,463993.64,-78606.09999999999,54723.2,51438.88
20,7,52,2840943.48,2734765.98,106177.50000000004,292244.01,262395.54
20,8,52,4143556.88,3941624.81,201932.06999999995,304970.25,281186.33
20,9,52,2112852.59,1940316.73,172535.86000000004,164829.6,131955.91999999998
20,10,52,2294237.9,2183248.7,110989.20000000001,174521.75,158902.38
20,11,52,1310853.82,1360994.92,-50141.09999999998,99102.61,100049.62
20,12,52,396139.23,377836.13,18303.100000000006,22905.99,22722.03
20,13,52,2934340.96,2898923.86,35417.1,221748.38,213635.21000000002
20,14,52,1333928.63,1302615.9,31312.729999999996,149367.72,133216.58
20,16,52,1283143.88,1293412.74,-10268.859999999986,32721.26,30064.16
20,17,52,978260.11,985491.2,-7231.089999999995,88948.65,85843.64
20,18,44,721198.6,702507.83,18690.769999999993,121160.98000000001,131456.7
20,19,20,-152.9,5224.45,-5377.35,-20.76,444.0
20,20,52,361076.33,351713.39,9362.939999999997,29308.67,29252.36
20,21,52,670965.19,689250.77,-18285.58,54492.83,52767.91
20,22,52,758547.67,762578.93,-4031.2600000000084,88461.43000000001,86618.68
20,23,52,2068349.41,1980741.81,87607.6,166379.66999999998,147008.5
20,24,52,423661.85,435893.95,-12232.100000000004,33720.94,39101.36
20,25,52,892662.78,929737.31,-37074.53000000001,68646.02,66957.78
20,26,52,687894.3,642423.41,45470.89000000001,58159.96,54692.8
20,27,52,146769.2,146456.62,312.58000000000084,15298.05,11812.060000000001
20,28,52,46774.33,50675.89,-3901.560000000001,3584.35,3976.74
20,29,52,489678.76,471274.54,18404.219999999994,46900.1,35747.23
20,30,52,288281.4,319944.91,-31663.51,23205.23,23580.0
20,31,52,196375.43,212149.47,-15774.04,16440.16,17413.43
20,32,52,769183.78,719650.42,49533.36,81724.97,57550.31
20,33,52,479079.07,488940.14,-9861.070000000007,40506.3,40293.65
20,34,52,1166681.14,1101315.55,65365.59,81873.51,83136.38
20,35,52,332580.41,298268.2,34312.21,22675.57,20241.36
20,36,52,182211.12,179287.74,2923.380000000003,12653.869999999999,10030.65
20,37,52,213101.98,216071.18,-2969.2000000000007,16567.98,17631.61
20,38,52,6037520.13,5560930.01,476590.12000000005,441950.16000000003,391245.74
20,40,52,4626890.81,4452952.51,173938.3,347422.64,337001.36
20,41,52,319583.29,381228.19,-61644.899999999994,31248.22,34796.42
20,42,52,476183.61,457360.43,18823.180000000008,33879.99,33092.09
20,44,52,440071.27999999997,410476.97,29594.309999999998,37815.18,33691.46
20,45,3,59.849999999999994,41.88,17.97,11.97,10.47
20,46,52,1832866.7,1763508.18,69358.51999999997,146597.9,129457.0
20,47,3,35.92,964.0,-928.08,-798.0,598.0
20,48,43,97055.91,56078.96,40976.95,14086.99,8407.99
20,49,52,1110911.55,1121681.5,-10769.950000000012,76662.93,79279.33
20,50,52,158834.61,174362.29,-15527.679999999998,11909.07,13628.86
20,52,52,171827.58,165624.98,6202.599999999999,16624.59,12234.289999999999
20,54,50,2723.9,9809.36,-7085.46,219.4,1205.06
20,55,52,993716.95,1108135.43,-114418.48000000001,143023.22,144276.04
20,56,52,265780.61,245879.67,19900.939999999995,8141.17,5806.65
20,58,51,212782.0,199277.0,13505.0,18135.0,21214.0
20,59,52,62715.07,127099.88,-64384.81,10852.1,20351.190000000002
20,60,52,34010.8,30002.4,4008.4,1979.4,1904.2
20,67,52,929316.26,871100.89,58215.37000000001,72262.69,65481.54
20,71,52,430366.56,438355.22000000003,-7988.66,53477.450000000004,47643.91
20,72,52,4728300.77,5224924.93,-496624.16,734268.72,739634.12
20,74,52,1160193.73,1173614.53,-13420.799999999996,122815.02,114212.0
20,79,52,2030326.69,1959838.41,70488.28,167679.77000000002,146917.05
20,80,52,2107958.44,2058328.78,49629.659999999974,156505.72999999998,151859.28
20,81,52,1823377.53,1701080.25,122297.28000000001,134703.19,124744.15
20,82,52,1775506.19,1616765.97,158740.22,156577.4,125980.6
20,83,52,307901.32,286178.59,21722.73,23678.879999999997,23178.47
20,85,52,248594.69,254738.22,-6143.530000000001,16141.130000000001,16164.46
20,87,52,2716145.88,2234828.22,481317.66000000003,230322.25,162809.29
20,90,52,5157392.04,5044654.73,112737.31000000004,412804.18,394527.9
20,91,52,4110095.43,4066024.73,44070.700000000026,300531.99,292834.62
20,92,52,9130507.290000001,8472976.98,657530.3100000002,699760.4600000001,636407.81
20,93,52,2900960.61,2753983.58,146977.02999999997,227663.15,214602.78
20,94,52,3283180.15,3254516.76,28663.38999999997,229954.24,222738.96
20,95,52,7832145.06,7608545.08,223599.97999999992,568128.07,561946.4
20,97,52,1361766.0,1346393.02,15372.98,104841.79000000001,106091.92
20,98,52,1015303.82,1016451.38,-1147.5600000000086,83677.43,83466.26
20,99,10,1280.77,2380.01,-1099.24,0.67,140.0
21,1,52,780832.4,788229.41,-7397.010000000006,60490.47,57195.17
21,2,52,2511276.78,2482541.66,28735.120000000024,194564.54,182969.96000000002
21,3,52,756535.55,747536.51,8999.039999999983,57340.84,40483.31
21,4,52,960884.24,1040072.26,-79188.02000000002,78293.26999999999,81663.71
21,5,52,866140.25,952821.18,-86680.93000000001,114764.77,109205.76000000001
21,6,52,154655.69,229067.34,-74411.65000000001,23782.23,30495.05
21,7,52,1305757.98,1418366.38,-112608.40000000002,150923.97,113282.85
21,8,52,908900.64,975598.37,-66697.73000000001,66895.04,73045.27
21,9,52,830675.62,834729.05,-4053.429999999993,59439.72,58084.33
21,10,52,745615.85,796287.66,-50671.81,54635.78,58968.619999999995
21,11,52,664797.11,700013.79,-35216.68,48299.38,46756.59
21,12,52,137061.46,146581.57,-9520.11,9600.51,9704.21
21,13,52,1420936.92,1491311.08,-70374.16,111753.70999999999,113390.7
21,14,52,763425.4400000001,895213.42,-131787.98,82452.53,84256.17
21,16,52,291984.44,322113.49,-30129.05,10511.34,11363.83
21,17,52,351161.4,372512.32,-21350.92,34305.37,29760.91
21,18,36,326440.07,313340.77999999997,13099.289999999997,53498.33,50676.96
21,19,52,90741.37,111062.27,-20320.899999999998,6552.09,8012.9800000000005
21,20,52,269138.15,274500.25,-5362.100000000002,22374.3,23444.62
21,21,52,164422.37,158840.6,5581.77,13503.46,11610.37
21,22,52,428185.76,448775.64,-20589.879999999997,43044.34,44099.54
21,23,52,1928377.55,1965394.58,-37017.030000000035,160039.44,155970.51
21,24,52,473429.91000000003,460096.91,13333.000000000005,41387.76,37342.88
21,25,52,902417.73,962170.72,-59752.990000000005,63685.99,66972.35
21,26,52,533542.64,572447.16,-38904.52,45554.65,50655.06
21,27,52,89154.64,90386.51,-1231.8699999999994,8522.07,7994.320000000001
21,28,52,34807.98,40446.34,-5638.36,3169.54,3817.98
21,29,52,262030.54,274178.63,-12148.089999999998,22956.77,24080.29
21,30,52,227773.08,241400.05,-13626.969999999998,16349.11,17177.78
21,31,52,194090.33,218612.99,-24522.66,14207.14,16756.739999999998
21,32,52,351294.55,378384.12,-27089.569999999996,32483.67,26816.510000000002
21,33,52,431442.31,438658.69,-7216.379999999999,38276.35,40388.189999999995
21,34,52,997548.69,968118.64,29430.04999999999,78646.43,73819.27
21,35,52,125680.0,143295.78,-17615.78,8854.68,9900.02
21,36,52,105039.76,116561.08,-11521.32,8602.94,8879.08
21,38,52,1904272.97,2229428.07,-325155.1,144458.98,162861.69
21,40,52,2037442.27,2072244.81,-34802.53999999999,150135.56,153027.34
21,41,52,95485.03,156488.03,-61003.0,9854.34,17238.5
21,42,52,281091.74,246008.29,35083.45,22170.59,17365.41
21,44,52,220226.09,234107.0,-13880.909999999998,18225.02,16916.77
21,46,52,1030215.45,1019579.79,10635.659999999993,78647.7,75339.17
21,47,1,49.97,34.0,15.969999999999999,0,0
21,49,52,530701.47,593860.62,-63159.15000000001,42097.5,40359.7
21,52,52,133249.08,145256.17,-12007.089999999997,12204.460000000001,12547.83
21,54,47,2750.0,4172.24,-1422.24,232.64,88.12
21,55,52,408952.13,469341.35,-60389.22,55789.13,49062.52
21,56,52,79572.37,77296.54,2275.8300000000004,3768.1200000000003,2298.56
21,58,35,46510.0,30265.56,16244.44,6297.5,3440.0
21,59,52,27036.13,50990.659999999996,-23954.53,4360.43,7266.78
21,60,52,9691.8,9248.8,443.00000000000006,553.8,563.1999999999999
21,67,52,250377.28,270230.33,-19853.05,20651.47,20801.81
21,71,52,259307.95,318571.73,-59263.780000000006,26169.25,29046.43
21,72,52,2103112.98,2407654.8,-304541.82,386868.16,368491.18
21,74,52,553705.68,620453.97,-66748.29,52357.67,57352.13
21,79,52,1097148.03,1219413.11,-122265.08,90695.68,96049.87
21,80,17,707.38,142.93,564.45,87.96,5.0
21,81,52,298511.62,291726.26,6785.360000000001,20493.13,21823.77
21,82,52,806912.91,840780.46,-33867.549999999996,68136.27,64461.600000000006
21,83,52,7376.14,7660.78,-284.64,479.92,536.02
21,85,52,60865.01,80310.67,-19445.66,4852.79,5541.36
21,87,52,371280.69,378762.63,-7481.939999999998,28774.67,29073.92
21,90,52,590902.54,573963.89,16938.65,46533.66,41248.69
21,91,52,349522.98,351840.08,-2317.1000000000035,24016.629999999997,24870.23
21,92,52,1329379.73,1088967.05,240412.68,110984.72,86905.16
21,93,52,36926.69,33438.92,3487.77,3839.52,2752.79
21,94,24,14893.45,21939.11,-7045.66,0,0
21,95,52,2114616.79,2092017.31,22599.479999999985,149714.58,146296.65
21,97,52,173396.49,171361.19,2035.2999999999993,12109.119999999999,11459.29
21,98,42,5308.78,5057.71,251.07000000000005,635.0,289.15
22,1,52,1123963.31,1143534.79,-19571.48000000003,81457.98999999999,81560.17
22,2,52,2850629.34,2705623.24,145006.1,207248.22999999998,195359.78
22,3,52,673894.64,674754.5,-859.8599999999979,55233.06,62512.490000000005
22,4,52,1742046.33,1674107.22,67939.11000000002,132438.12,125097.23
22,5,52,1178134.16,1309204.68,-131070.51999999997,149042.63999999998,148941.3
22,6,52,213127.37,303289.73,-90162.36,31899.440000000002,41813.03
22,7,52,1594766.97,1574512.27,20254.700000000004,158609.27,130257.68000000001
22,8,52,1927483.82,1944947.92,-17464.1,144344.50999999998,138269.65
22,9,52,1220515.74,1154451.29,66064.44999999998,83172.96,69428.09
22,10,52,970633.99,1025962.99,-55328.99999999999,71763.37,76325.34
22,11,52,758207.26,752897.91,5309.349999999991,48633.76,48365.71
22,12,52,182394.59,181281.48,1113.1100000000004,11693.52,11724.439999999999
22,13,52,1950143.61,1914693.06,35450.55,146880.89,142797.64
22,14,52,894886.54,896622.16,-1735.6199999999917,93415.59,86547.04000000001
22,16,52,900210.83,929189.51,-28978.679999999982,25014.73,37305.0
22,17,52,720211.77,758077.2,-37865.43000000001,62785.42,62455.44
22,18,42,536337.3,534479.28,1858.019999999998,66135.17,64251.200000000004
22,19,24,31812.08,12150.46,19661.62,1203.47,947.65
22,20,52,340858.31,335045.23,5813.080000000004,26706.059999999998,25910.72
22,21,52,279797.06,277869.29,1927.7700000000004,21880.99,20321.5
22,22,52,632977.58,603700.36,29277.220000000005,65288.950000000004,53183.0
22,23,52,1613042.49,1534390.6,78651.89,119889.53,107802.59
22,24,52,428792.56,429802.61,-1010.0499999999961,34253.39,36693.270000000004
22,25,52,516517.3,513208.06,3309.2400000000034,37213.54,38519.67
22,26,52,442233.8,428778.55,13455.250000000002,32578.28,32545.54
22,27,52,116920.09,106369.24,10550.85,10184.39,8741.29
22,28,52,45958.55,47799.6,-1841.0499999999997,3858.12,3651.46
22,29,52,410602.51,406731.45,3871.060000000002,33397.71,31842.35
22,30,52,245550.01,244786.61000000002,763.3999999999996,16725.93,16365.18
22,31,52,148973.31,160868.02,-11894.710000000001,11833.42,11107.35
22,32,52,320165.8,331761.31,-11595.510000000002,28578.65,22996.38
22,33,52,370247.15,386316.68,-16069.530000000006,31590.61,31988.57
22,34,52,1148750.73,1069681.34,79069.39,71021.94,68938.99
22,35,52,246508.94,216655.19,29853.75,16151.35,13360.380000000001
22,36,52,135467.06,128005.58,7461.4800000000005,9054.07,7810.34
22,38,52,3975504.33,3583482.14,392022.19,283352.54,243254.89
22,40,52,2914849.39,2736322.64,178526.75,211447.73,197324.13
22,41,52,53182.29,66764.72,-13582.43,2960.73,4584.0
22,42,52,394560.34,387169.62,7390.719999999999,29998.02,29173.0
22,44,52,306999.8,243903.68,63096.119999999995,22780.45,18862.56
22,45,10,215.46,261.75,-46.290000000000006,35.91,20.94
22,46,52,1177700.57,1143130.7,34569.87000000001,85916.81,79789.89
22,47,1,-38.88,24.0,-62.88,0,0
22,49,2,-26.849999999999998,-19.94,-6.909999999999997,0,0
22,51,1,9.96,17.36,-7.399999999999999,0,0
22,52,52,109545.94,74891.25,34654.69,10031.84,5849.46
22,54,49,2295.8,4000.92,-1705.12,108.2,397.84
22,55,52,537348.8,599163.79,-61814.99,81279.14,71382.87
22,56,50,239638.31,227995.51,11642.800000000005,8215.29,6264.62
22,58,51,130209.47,131469.5,-1260.0300000000002,12060.0,11873.0
22,59,52,34643.26,64577.68,-29934.420000000002,5228.36,8228.01
22,60,52,22250.2,22693.4,-443.20000000000005,1549.6,1672.0
22,67,52,654339.39,602490.87,51848.52,51473.92,47530.05
22,71,52,268736.33,269439.92,-703.5899999999979,25866.9,29794.4
22,72,52,3406712.15,3778637.58,-371925.43,575533.9299999999,595744.31
22,74,52,930130.15,969855.65,-39725.5,85456.84,85463.61
22,79,52,854618.43,880134.45,-25516.020000000004,66813.61,64990.329999999994
22,80,52,83153.86,82833.97,319.89,6274.46,5376.82
22,81,52,600350.55,639530.7,-39180.14999999999,44154.86,42789.619999999995
22,82,52,1030516.35,985369.75,45146.599999999984,80616.75,70246.36
22,83,52,72456.62,83835.05,-11378.429999999998,5492.7,6740.69
22,85,52,149855.2,156935.38999999998,-7080.19,10988.41,8990.22
22,87,52,801767.15,718613.93,83153.22,68244.51,52523.7
22,90,52,1161076.85,1102930.36,58146.48999999997,90702.23999999999,85040.01
22,91,52,1074445.29,1133457.85,-59012.56,81598.44,86270.46
22,92,52,2863487.98,2670043.16,193444.82,219889.12,195001.01
22,93,52,146709.65,125074.66,21634.99,10015.87,9100.77
22,94,43,7761.2300000000005,91792.15,-84030.92,346.75,5571.97
22,95,52,2934764.16,2995294.06,-60529.89999999998,208225.15,208444.2
22,97,52,230912.92,243418.22,-12505.299999999996,17422.69,17804.75
22,98,50,10878.619999999999,9866.59,1012.03,984.51,518.99
23,1,52,1814532.08,1704142.73,110389.34999999999,128702.26,121311.69
23,2,52,3786121.59,3468287.96,317833.63,274078.56,253412.15
23,3,52,1028379.91,990568.75,37811.159999999996,78117.74,75823.01
23,4,52,1468950.68,1377036.94,91913.74,103925.18,103157.98
23,5,52,1943380.24,2072100.66,-128720.41999999994,253674.72999999998,251177.83
23,6,52,321161.18,395655.53,-74494.34999999999,46262.020000000004,52896.67
23,7,52,2223990.84,2334361.34,-110370.49999999997,214312.75,229916.59
23,8,52,1976198.75,1877686.72,98512.03,146113.21,141049.33000000002
23,9,52,2629734.08,2431760.31,197973.77,155115.17,137993.82
23,10,52,1650002.66,1621082.6099999999,28920.050000000025,127268.24,122791.56999999999
23,11,52,1531564.52,1588029.31,-56464.790000000015,103691.55,104862.97
23,12,52,267062.94,256531.67,10531.27,16195.61,14972.939999999999
23,13,52,1912121.39,1867448.76,44672.630000000005,138546.91999999998,139732.18
23,14,52,1885409.61,1767592.34,117817.27,172026.55,159407.2
23,16,52,1124092.77,1101853.48,22239.29000000002,27440.1,23348.72
23,17,52,1399013.68,1389758.44,9255.23999999999,114447.65000000001,117720.54999999999
23,18,42,641166.63,615410.91,25755.719999999998,85406.24,74017.19
23,19,52,53416.27,64872.61,-11456.34,4046.71,5865.64
23,20,52,624077.67,609278.53,14799.140000000005,47858.78,47795.36
23,21,52,484090.97000000003,450131.21,33959.76000000001,40679.6,38540.759999999995
23,22,52,1223445.37,1147660.54,75784.83,102530.85,96864.69
23,23,52,2599238.04,2435384.69,163853.34999999998,195306.88999999998,183165.94
23,24,52,570171.34,543998.81,26172.53,46224.659999999996,46064.53
23,25,52,810805.71,791276.77,19528.939999999995,62390.119999999995,50905.57
23,26,52,677229.4400000001,660759.86,16469.580000000005,56122.55,60259.96
23,27,52,182844.91,167929.28,14915.630000000001,15042.220000000001,13100.72
23,28,52,53735.54,54365.33,-629.7899999999996,4343.69,4613.22
23,29,52,590190.96,573693.52,16497.44000000001,49969.22,46448.56
23,30,52,377069.72,414224.93,-37155.21000000001,26438.22,31766.16
23,31,52,241645.52,254119.81,-12474.290000000005,20036.07,17951.44
23,32,52,584841.9,585845.96,-1004.0600000000022,46611.18,45995.75
23,33,52,578088.09,577934.49,153.59999999999764,46536.41,47184.62
23,34,52,1387324.95,1255137.86,132187.09,91726.09,86177.34
23,35,52,271214.56,284302.93,-13088.369999999999,17741.0,18101.7
23,36,52,211177.06,204012.96,7164.1,14315.57,11517.82
23,38,52,2355068.14,2266930.84,88137.3,163453.62,162498.33000000002
23,40,52,3241230.0,3071754.3,169475.69999999998,233864.27000000002,233592.45
23,41,52,119358.3,105401.7,13956.6,6912.29,5750.25
23,42,52,630513.41,584634.55,45878.86,41754.0,41400.43
23,44,52,422586.17,456164.33999999997,-33578.16999999999,38247.03,40765.119999999995
23,45,30,1141.03,1153.6100000000001,-12.580000000000044,130.14000000000001,114.67
23,46,52,1986197.0,1860388.69,125808.31000000001,143984.62,139911.32
23,47,1,-259.0,-298.0,39.0,0,0
23,49,52,1359345.8800000001,1280173.68,79172.20000000003,96281.58,95382.07
23,50,52,360310.5,351609.35,8701.15,24978.0,23415.0
23,52,52,139411.15,148539.46,-9128.310000000001,12533.51,13077.27
23,54,52,3633.44,6704.8,-3071.36,232.12,537.64
23,55,52,757362.58,896859.39,-139496.81,103472.57,113078.95000000001
23,56,52,427905.72000000003,404581.36,23324.36000000001,11308.48,10665.32
23,58,52,161635.0,132322.79,29312.21,10045.0,7882.0
23,59,52,53295.66,100718.19,-47422.53,7066.62,15351.7
23,60,39,4749.8,3810.4,939.4,270.0,202.4
23,67,52,789159.98,733712.67,55447.31,61065.56,56940.86
23,71,52,620339.63,581078.63,39260.999999999985,56007.799999999996,51153.05
23,72,52,4053914.27,4331280.99,-277366.72,619834.41,632752.9
23,74,52,1955692.09,1893424.6,62267.490000000005,155833.17,156038.05
23,79,52,1589075.85,1657740.03,-68664.17999999998,128663.07,129369.87
23,80,51,80648.76,44850.81,35797.95,6688.0599999999995,1968.31
23,81,52,441683.66,451839.37,-10155.71000000001,29120.11,32185.48
23,82,52,1347129.4,1163296.94,183832.46,109425.25,89564.44
23,83,52,56402.38,69384.18000000001,-12981.8,5422.26,6108.62
23,85,52,256434.1,258693.96,-2259.8600000000047,20266.87,17263.36
23,87,52,1822937.66,1702014.41,120923.24999999997,139986.61,126650.34
23,90,52,1244158.43,1157233.45,86924.97999999998,99115.83,95059.04000000001
23,91,52,1219877.23,1333079.37,-113202.14000000001,93874.95,108107.61
23,92,52,3659580.65,3180317.01,479263.6400000001,263031.15,238683.79
23,93,52,134199.38,123503.09,10696.289999999997,9793.57,8284.31
23,94,14,9167.95,7179.97,1987.9799999999998,235.0,44.52
23,95,52,2808191.94,2825782.1,-17590.16000000004,202222.93,200237.06
23,96,52,775049.71,765688.96,9360.749999999985,59974.95,58349.479999999996
23,97,52,377137.31,352638.31,24499.000000000004,25533.71,25546.32
23,98,46,5777.17,3861.02,1916.1499999999999,407.16,236.2
24,1,52,998615.1,965473.55,33141.55000000002,76603.27,72644.58
24,2,52,2138111.5,2070104.0999999999,68007.40000000001,166052.78,157023.41
24,3,52,615283.4,585392.86,29890.540000000005,70244.92,65459.99
24,4,52,1533165.9,1501587.3699999999,31578.53000000002,121179.21,119275.14
24,5,52,1450634.75,1643046.23,-192411.47999999998,187137.31,191996.24
24,6,52,209682.14,269277.98,-59595.84,29214.370000000003,31432.73
24,7,52,1564338.75,1542935.47,21403.280000000006,159554.87,147871.9
24,8,52,2604224.31,2523600.15,80624.16,195118.61,193095.41
24,9,52,1263580.28,1074644.53,188935.75,84980.73,58459.59
24,10,52,1413512.77,1388896.03,24616.739999999998,107285.73,106837.14
24,11,52,889183.82,844788.97,44394.85,61874.020000000004,62575.16
24,12,52,226122.3,200236.85,25885.45,13993.62,11507.08
24,13,52,1496128.13,1504558.04,-8429.91,115192.15,115462.43
24,14,52,930799.45,897746.75,33052.70000000001,105870.47,96615.45999999999
24,16,52,937842.53,958980.29,-21137.760000000013,24872.68,42334.24
24,17,52,705535.65,712436.97,-6901.320000000003,67724.75,57689.01
24,18,46,391665.3,385697.06,5968.24000000001,53756.77,55421.369999999995
24,19,52,3451.27,4655.32,-1204.05,277.29,395.91999999999996
24,20,52,282217.71,296566.51,-14348.800000000001,23677.58,23526.16
24,21,52,319688.01,308748.41,10939.599999999993,26853.68,25118.4
24,22,52,623427.17,626791.63,-3364.4600000000028,66070.31999999999,62056.45
24,23,52,1478921.97,1459683.8800000001,19238.089999999986,128704.78,123581.1
24,24,52,296391.82,312215.52,-15823.699999999995,30815.75,33450.3
24,25,52,593137.9,611167.93,-18030.030000000006,50089.57,53489.0
24,26,52,404489.09,428506.92,-24017.829999999998,35755.36,37213.72
24,27,52,102382.21,105374.91,-2992.6999999999994,11212.85,9852.369999999999
24,28,52,33869.64,33542.23,327.4100000000007,3248.59,3269.44
24,29,52,290686.01,287826.87,2859.1400000000026,27779.489999999998,24306.66
24,30,52,186995.97,214445.0,-27449.03,14471.1,16216.16
24,31,52,114138.71,142924.13999999998,-28785.43,12931.59,14888.23
24,32,52,350021.45,366971.59,-16950.14,32955.69,29501.08
24,33,52,306346.88,327399.23,-21052.35,32434.65,34979.8
24,34,52,821821.12,786634.4400000001,35186.679999999986,59942.93,62035.62
24,35,52,160228.16,150491.25,9736.91,10741.79,9718.47
24,36,52,105455.13,104528.9,926.2299999999996,6794.02,6255.68
24,37,52,158734.13999999998,152663.12,6071.02,12464.98,13036.869999999999
24,38,52,3143929.12,3153739.1,-9809.979999999974,221468.15,225998.7
24,40,52,2431925.53,2283698.73,148226.8,183295.57,174237.64
24,41,52,89989.66,81692.83,8296.830000000002,9866.03,6453.8099999999995
24,42,52,321097.53,295816.98,25280.55,22622.510000000002,22230.690000000002
24,44,52,254222.66,241950.26,12272.399999999998,21677.4,20283.04
24,45,4,59.85,45.88,13.97,0,0
24,46,52,857795.73,814601.7,43194.029999999984,67582.29000000001,61843.01
24,47,1,-109.0,-57.86,-51.14,0,0
24,49,52,254040.88999999998,265244.48,-11203.590000000004,18779.05,19675.08
24,50,52,57753.0,63116.5,-5363.5,3690.0,5471.5
24,52,52,68777.11,76859.38,-8082.27,7029.27,6880.99
24,54,45,1529.14,3087.8,-1558.66,80.91999999999999,224.4
24,55,52,738915.29,892213.3,-153298.00999999998,102845.93000000001,109983.31
24,56,52,217165.81,219144.09,-1978.2799999999986,6545.49,3813.08
24,58,47,92200.0,95024.97,-2824.97,4665.0,10567.0
24,59,52,23486.32,43419.13,-19932.81,3709.9399999999996,6144.19
24,60,48,5786.4,5127.6,658.8000000000001,304.4,325.59999999999997
24,67,52,600099.84,558153.86,41945.98000000001,47212.880000000005,42971.93
24,71,52,263171.34,248392.06,14779.280000000004,28348.07,23932.489999999998
24,72,52,3037202.78,3126383.03,-89180.24999999996,425184.08,437438.51999999996
24,74,52,754890.05,730100.07,24789.979999999996,70572.67,68062.97
24,79,52,1125291.38,1152594.74,-27303.360000000008,92753.55,90895.08
24,80,52,1514197.64,1453097.48,61100.16000000001,119755.76,110129.72
24,81,52,1267932.21,1293185.11,-25252.900000000005,94772.95999999999,96066.06
24,82,52,1084854.97,1055561.3,29293.670000000006,100820.9,83041.59
24,83,52,229113.98,216816.26,12297.720000000005,19649.760000000002,21125.01
24,85,52,91233.21,87351.06,3882.149999999999,5857.79,5069.0
24,87,52,1420756.09,1330790.17,89965.92,115363.23,99775.12
24,90,52,3900106.46,3820297.36,79809.09999999995,322334.72,312850.32
24,91,52,2718189.96,2747403.47,-29213.51000000004,212931.01,224501.32
24,92,52,6582580.07,6308863.65,273716.4199999999,530797.69,513782.0
24,93,52,2110028.18,1931112.93,178915.25,166272.38,154623.47
24,94,52,2735857.56,2677855.42,58002.14000000005,197454.41999999998,196233.03
24,95,52,4857380.02,4811252.14,46127.87999999995,371609.02,368227.6
24,96,52,702116.69,632248.96,69867.73,56478.81,50976.45
24,97,52,986713.85,958865.79,27848.060000000023,75894.96,73933.29
24,98,52,519837.52,491839.17,27998.350000000006,42945.75,40149.61
24,99,6,340.06,1630.0,-1289.94,10.02,40.0
25,1,52,1034204.23,1067546.58,-33342.350000000006,71790.98,73874.34
25,2,52,1957758.69,1873695.65,84063.04000000002,139947.23,129374.20999999999
25,3,52,592109.11,622972.2,-30863.089999999997,44423.28,56560.329999999994
25,4,52,1085474.2,1031144.43,54329.76999999999,80021.52,75363.65
25,5,52,669238.65,697810.1900000001,-28571.540000000015,93060.29000000001,100160.13
25,6,52,173877.84,214547.66,-40669.82,33974.130000000005,41194.97
25,7,52,983705.29,980240.09,3465.1999999999734,110990.89,103355.33
25,8,52,1589880.57,1532656.92,57223.65000000001,116547.2,111200.67
25,9,52,791869.03,718833.54,73035.48999999999,57490.32,50068.26
25,10,52,1112713.22,1052019.7,60693.52,87115.54,77249.5
25,11,52,580279.17,597826.0,-17546.829999999998,46036.96,42722.68
25,12,52,167043.02,156490.13,10552.89,9429.61,9698.460000000001
25,13,52,1313748.39,1292215.41,21532.980000000003,96736.19,92935.12
25,14,52,594408.2,609612.68,-15204.480000000003,69485.33,68645.16
25,16,52,771694.61,734755.69,36938.92000000001,21147.17,20584.92
25,17,52,546607.0,537868.97,8738.03000000001,48796.61,45746.549999999996
25,18,43,392555.34,348772.62,43782.72000000001,62498.29,62285.66
25,19,1,1.5,5.0,-3.5,0,0
25,20,52,190849.51,198504.46,-7654.949999999998,15252.73,14036.02
25,21,52,268297.82,262737.44,5560.379999999999,20232.940000000002,19343.91
25,22,52,339991.27,351856.62,-11865.35,37820.27,36560.5
25,23,52,890053.64,813109.71,76943.93000000001,66625.55,61341.28
25,24,52,158571.44,154005.7,4565.739999999999,13475.79,11205.97
25,25,52,374321.83,361483.76,12838.07,24835.73,24199.85
25,26,52,209170.43,197398.55,11771.880000000001,16254.38,17180.22
25,27,52,61871.68,64607.22,-2735.54,5214.25,4956.55
25,28,52,29845.85,31196.88,-1351.03,2033.56,2383.7
25,29,52,198029.51,187025.52,11003.99,15809.099999999999,13271.23
25,30,52,110700.7,114044.31,-3343.6099999999997,6822.360000000001,6907.64
25,31,52,82616.55,89544.72,-6928.17,6760.19,6680.38
25,32,52,196023.88999999998,203900.98,-7877.090000000004,16004.39,15644.76
25,33,52,145532.38,153640.92,-8108.539999999999,12099.46,13197.03
25,34,52,567760.58,564020.48,3740.1000000000013,34854.49,38275.9
25,35,52,117953.68,114868.08,3085.6000000000004,7699.47,7460.48
25,36,52,65152.45,70648.92,-5496.47,4926.9400000000005,5001.26
25,37,52,163101.13,157812.51,5288.619999999997,13021.5,11344.9
25,38,52,2212922.2,2365006.5,-152084.3,178384.75,164179.03999999998
25,40,52,2274278.58,2124351.2,149927.37999999998,168923.76,158844.64
25,41,52,146462.39,228140.62,-81678.23,16860.510000000002,26722.120000000003
25,42,52,291652.25,271526.44,20125.809999999998,20451.88,19719.96
25,44,52,203420.8,208009.43,-4588.63,17835.86,19302.82
25,45,2,23.94,20.94,3.0,0,0
25,46,52,1005715.86,963970.45,41745.41,68395.99,68604.93
25,49,52,595397.2,563902.06,31495.14,43873.12,42121.119999999995
25,50,52,116763.0,109962.0,6801.0,7960.0,8166.0
25,52,52,78147.52,77453.49,694.0299999999994,8093.3099999999995,6920.26
25,54,21,630.4,799.51,-169.11,14.88,50.92
25,55,52,349745.12,412774.81,-63029.69000000001,48593.95,57693.96
25,56,52,209742.93,205752.18,3990.7500000000005,5622.0,4520.91
25,58,31,19709.0,18737.0,972.0,1335.0,2275.0
25,59,52,17535.77,29732.11,-12196.34,2253.3,3885.52
25,60,43,8769.2,7778.6,990.6,663.8,498.0
25,67,52,461816.91,441801.78,20015.13,36413.58,37166.44
25,71,52,168967.44,161559.45,7407.989999999996,17292.11,15504.71
25,72,52,1971567.36,2167730.52,-196163.15999999997,319242.05,329690.16
25,74,52,624658.38,617603.61,7054.77,62147.74,54824.91
25,79,52,438487.37,431091.49,7395.879999999996,33193.99,34129.29
25,80,52,28752.329999999998,16071.99,12680.34,2176.54,646.18
25,81,52,462219.49,398501.67,63717.82,31520.68,28043.4
25,82,52,618818.07,554191.08,64626.99,50051.67,43000.18
25,83,52,10742.14,15168.94,-4426.8,1296.68,1790.8000000000002
25,85,52,170819.23,170447.66,371.57000000000016,11016.8,11650.33
25,87,52,370186.47,323349.68,46836.79,30733.63,23937.65
25,90,52,656350.69,606446.87,49903.81999999999,52410.17,48276.28
25,91,52,421346.13,396718.48,24627.65,30177.14,28745.14
25,92,52,2228117.35,1966783.1,261334.25,160450.4,141684.64
25,93,52,45668.77,35145.31,10523.460000000001,3821.3599999999997,1988.09
25,94,44,205239.68,65405.58,139834.1,14022.51,6273.6
25,95,52,2330174.99,2168511.78,161663.21,158918.26,154880.27
25,97,52,146961.31,137496.69,9464.619999999999,10719.88,10312.33
25,98,45,64319.68,13573.27,50746.409999999996,5481.02,449.9
26,1,52,983317.82,982328.9,988.9199999999946,79406.66,75232.01
26,2,52,1430099.83,1412118.92,17980.91000000001,109530.51,103750.53
26,3,52,384459.27,382370.55,2088.7199999999984,33955.04,30751.37
26,4,52,1308984.94,1255030.8,53954.13999999999,98928.44,97257.03
26,5,52,870608.37,1013398.67,-142790.3,117737.06999999999,132365.79
26,6,52,225950.99,253091.19,-27140.199999999997,35431.79,39345.96
26,7,52,888430.64,894455.78,-6025.139999999988,103184.56,92797.03
26,8,52,1511132.59,1475124.33,36008.26000000001,117744.4,113154.51
26,9,52,857922.78,824771.52,33151.259999999995,59313.99,50657.07
26,10,52,526361.58,519100.09,7261.490000000004,41283.4,38332.69
26,11,52,669408.91,646312.7,23096.21,51376.44,49485.09
26,12,52,231816.65,215166.71,16649.940000000002,13960.07,13311.61
26,13,52,1092943.92,1071162.69,21781.230000000014,78581.88,81860.02
26,14,52,586349.69,576665.21,9684.48,62107.86,60705.0
26,16,52,634953.92,597536.28,37417.64000000001,21362.309999999998,16954.48
26,17,52,408589.27,398928.0,9661.270000000004,39519.92,33518.99
26,18,40,170149.86,186474.11,-16324.250000000002,28603.36,26647.66
26,19,52,65519.92,64753.6,766.3199999999999,4700.2300000000005,5974.23
26,20,52,175868.79,174304.36000000002,1564.4299999999985,14048.26,14348.210000000001
26,21,52,280444.23,286530.98,-6086.750000000001,23378.43,22177.27
26,22,52,316810.62,316612.26,198.36000000000195,32001.809999999998,30313.36
26,23,52,698933.09,686714.19,12218.900000000009,57089.2,55176.52
26,24,52,136760.78,144055.97,-7295.190000000001,11423.48,13041.119999999999
26,25,52,338120.41,328949.42,9170.989999999998,25928.16,22942.62
26,26,52,182376.38,185741.08,-3364.6999999999994,14850.1,15304.92
26,27,52,52599.22,50787.05,1812.1700000000003,4757.04,3887.96
26,28,52,17526.17,19159.37,-1633.2000000000003,1411.54,1340.51
26,29,52,171657.28,171223.86,433.4200000000003,16344.45,14670.44
26,30,52,113446.12,120854.67,-7408.55,8883.73,8537.6
26,31,52,61517.48,68519.5,-7002.02,5598.900000000001,5658.280000000001
26,32,52,213005.16,220533.0,-7527.840000000003,20025.07,15999.439999999999
26,33,52,163138.01,158846.36,4291.650000000002,14373.75,13862.55
26,34,52,397428.99,420980.72000000003,-23551.730000000003,29425.79,30865.33
26,35,52,94426.31,102377.04,-7950.729999999999,7594.21,7063.13
26,36,52,41987.22,61417.42,-19430.2,4134.76,4765.87
26,38,52,5345326.09,5362717.19,-17391.09999999992,368996.62,370457.58
26,40,52,1968514.66,1916363.79,52150.87000000001,145611.79,143196.04
26,41,52,65472.48,81142.46,-15669.98,4633.2,4420.75
26,42,52,142724.18,143421.88999999998,-697.7099999999994,10339.11,10650.939999999999
26,44,52,202652.55,202020.96,631.5899999999992,17910.68,17374.620000000003
26,45,7,313.61,153.17000000000002,160.44,69.91,33.410000000000004
26,46,52,518440.83,516137.87,2302.96,41292.31,41239.23
26,48,8,5266.0,6463.0,-1197.0,1253.0,199.0
26,49,52,171386.09,182828.59,-11442.500000000002,12179.16,12456.92
26,52,52,84101.6,85853.89,-1752.2900000000027,8026.69,6463.49
26,54,37,853.61,1526.55,-672.9399999999999,88.88,109.58
26,55,52,434739.63,516035.14,-81295.51,68656.14,73700.02
26,56,52,194288.75,180240.71,14048.04,5203.08,4880.98
26,59,52,11183.61,15481.789999999999,-4298.18,1567.01,2094.86
26,60,37,4707.0,2965.6,1741.4,207.0,52.8
26,67,52,357957.01,334581.4,23375.61,27993.36,25469.63
26,71,52,141133.41,148040.98,-6907.5700000000015,14777.439999999999,15334.66
26,72,52,2287624.91,2285199.41,2425.5000000000146,330549.9,337998.76
26,74,52,448636.3,422119.99,26516.310000000005,42022.009999999995,38499.270000000004
26,79,52,633020.98,634032.52,-1011.5399999999918,53405.28,46618.22
26,80,52,1006194.46,1006221.22,-26.760000000005675,74932.3,75450.72
26,81,52,1010272.49,988748.88,21523.61,74053.93,73490.58
26,82,52,795244.12,743557.29,51686.83,69535.0,57438.03
26,83,52,138090.14,138150.75,-60.610000000001946,12741.59,12956.13
26,85,52,91490.8,96543.23,-5052.43,7148.21,7187.79
26,87,52,1247596.13,1030435.5700000001,217160.56,103311.84,78674.65
26,90,52,3103219.61,2979108.87,124110.74000000002,251510.58000000002,237489.72
26,91,52,2103001.5,2034527.6,68473.90000000001,171074.73,163531.95
26,92,52,4748584.13,4351818.09,396766.04,377977.73,347376.53
26,93,52,1406811.62,1318570.19,88241.43000000001,114223.90000000001,106424.64
26,94,52,2219358.73,2126385.58,92973.14999999997,157981.32,156533.32
26,95,52,3740297.31,3568750.18,171547.12999999995,281481.58999999997,267738.94
26,96,52,1001206.08,947203.46,54002.619999999995,81661.7,76186.45
26,97,52,772207.33,759125.81,13081.519999999993,59251.65,56295.990000000005
26,98,52,390051.32,423223.53,-33172.21,32503.32,34280.520000000004
26,99,7,525.04,1145.0,-619.96,0,0
27,1,52,1598797.59,1562307.68,36489.909999999996,121739.08,115382.03
27,2,52,4085925.31,4038400.73,47524.57999999998,312375.04,300195.3
27,3,52,1058522.31,998672.74,59849.57000000002,110354.06,104473.65
27,4,52,2215582.0,2266235.26,-50653.25999999999,180912.32,176564.91
27,5,52,1311437.48,1569103.81,-257666.33000000002,170423.69,186482.39
27,6,52,299496.62,440571.44,-141074.82,50657.96,59848.61
27,7,52,2336950.53,2375025.56,-38075.03,226006.38,206400.38999999998
27,8,52,2137046.89,2185905.61,-48858.719999999994,161227.1,158760.94
27,9,52,1496248.62,1439532.64,56715.980000000025,98801.11,86222.44
27,10,52,1883712.89,1930387.54,-46674.650000000016,146547.78,137671.17
27,11,52,1025947.76,1052907.09,-26959.329999999994,67028.76,74800.31
27,12,52,187231.38,197975.65,-10744.27,12060.42,11948.89
27,13,52,2645716.86,2774664.67,-128947.81,202369.61,207328.85
27,14,52,1527904.67,1494819.34,33085.33,167134.03,153716.21
27,16,52,1127615.18,1163433.95,-35818.770000000004,26269.760000000002,45164.82
27,17,52,948818.05,981260.56,-32442.509999999995,84199.19,75767.6
27,18,49,662251.76,669276.0,-7024.239999999989,75933.35,84562.15
27,19,52,81410.73,24445.72,56965.01,4999.16,1542.48
27,20,52,554612.19,565573.59,-10961.399999999998,46326.28,48738.22
27,21,52,344146.44,343917.03,229.40999999999894,28807.11,25313.14
27,22,52,911042.55,933913.87,-22871.32,90145.22,84771.06
27,23,52,1958592.73,1886994.34,71598.39000000001,160375.0,144845.12
27,24,52,483295.54,480105.49,3190.0500000000075,48710.29,52752.13
27,25,52,637438.06,689073.39,-51635.33,50392.07,61496.21000000001
27,26,52,642842.24,640603.06,2239.180000000003,52814.39,55273.1
27,27,52,113387.15,105821.72,7565.43,10419.57,8676.11
27,28,52,48660.1,49843.1,-1182.9999999999998,4180.27,4647.65
27,29,52,412961.16,410092.07,2869.0899999999947,35622.130000000005,32832.56
27,30,52,250747.82,248223.67,2524.149999999999,18856.82,18091.04
27,31,52,180587.33,185934.74,-5347.409999999999,18796.64,18700.58
27,32,52,446674.34,437285.88,9388.460000000001,37878.43,35535.14
27,33,52,474132.23,522727.67,-48595.439999999995,45632.99,55261.0
27,34,52,872237.98,957295.25,-85057.27,59400.270000000004,64480.25
27,35,52,202772.27,176469.44,26302.829999999998,13052.82,10090.56
27,36,52,131908.86,134581.88,-2673.0199999999995,9181.41,8510.85
27,37,52,127985.36,128811.7,-826.3399999999974,10356.14,7557.24
27,38,52,2028764.91,2090406.67,-61641.76000000004,148570.05,141185.45
27,40,52,3654731.53,3573612.14,81119.39,277992.51,266100.1
27,41,52,117223.16,112727.79,4495.370000000001,11910.81,8458.75
27,42,52,528323.69,519634.86,8688.830000000002,37882.45,37408.200000000004
27,44,52,249171.49,253667.08,-4495.590000000002,22725.55,21794.649999999998
27,46,52,2083548.64,1947834.82,135713.82,158120.09,146933.4
27,47,1,-279.0,209.0,-488.0,0,0
27,49,52,544816.4,558134.19,-13317.79,36585.12,42416.12
27,50,52,136984.5,143621.0,-6636.5,9299.5,10585.0
27,52,52,149157.78,100762.74,48395.04,14591.85,9412.67
27,54,47,2347.84,3413.2200000000003,-1065.38,351.38,304.6
27,55,52,681839.2,838690.12,-156850.91999999998,95121.61,95534.02
27,56,52,288026.23,246082.48,41943.75,6412.13,6767.97
27,58,39,52765.0,50698.0,2067.0,4545.0,7073.0
27,59,52,47207.05,95603.20999999999,-48396.159999999996,7367.67,16075.07
27,60,52,6102.2,5516.3,585.9,427.4,396.0
27,67,52,628548.73,620066.46,8482.269999999993,49188.079999999994,47386.18
27,71,52,544510.16,538192.99,6317.17,54806.41,53973.06
27,72,52,3287159.39,3860239.86,-573080.47,587137.12,620347.26
27,74,52,1380246.75,1420318.0,-40071.25,120931.68,118584.06
27,79,52,1872822.65,1877164.1,-4341.450000000023,148881.69,140640.72
27,80,52,1314100.86,1426816.79,-112715.93000000001,102288.53,109003.36
27,81,52,1452633.29,1567416.41,-114783.12000000001,109708.23,114962.3
27,82,52,1533322.62,1385985.52,147337.09999999998,139577.57,103897.40000000001
27,83,52,463150.18,459705.26,3444.9199999999964,39298.1,39651.03
27,85,52,226644.07,211671.31,14972.759999999997,16132.31,14863.57
27,87,52,875137.74,851465.84,23671.899999999994,69070.58,64473.5
27,90,52,4823916.43,5152770.65,-328854.2200000001,397046.28,408233.97
27,91,52,3291570.89,3502551.58,-210980.69,258212.72,271077.37
27,92,52,7525001.04,7629896.2,-104895.15999999997,617116.59,600076.6
27,93,52,2784722.01,2844152.85,-59430.83999999999,220975.0,227837.24
27,94,52,3425566.75,3663308.74,-237741.99000000005,247473.48,262487.77
27,95,52,5891225.92,6188165.14,-296939.22,447979.14,455213.68
27,96,52,1063834.29,1053262.0,10572.289999999995,92539.03,95354.97
27,97,52,1011609.6,1122416.08,-110806.48000000001,78002.20999999999,83463.41
27,98,52,573232.62,605407.22,-32174.6,50501.41,49641.81
27,99,7,610.17,1580.0,-969.83,49.99,320.0
28,1,52,1083871.5,1036053.83,47817.66999999999,85324.67,75562.39
28,2,52,2933748.93,2989685.94,-55937.01000000002,239601.08,225114.65
28,3,52,640512.47,630845.62,9666.849999999993,50152.18,48230.84
28,4,52,1454609.73,1459950.77,-5341.040000000001,126063.41,120862.47
28,5,52,1351025.89,1605938.3800000001,-254912.49000000002,176047.47,179540.1
28,6,52,220590.4,280837.55,-60247.149999999994,33843.18,38076.17
28,7,52,1553948.02,1646795.29,-92847.27,191784.0,150896.99
28,8,52,1727213.95,1749923.42,-22709.47,136230.59,130991.97
28,9,52,913597.85,916159.6,-2561.750000000018,69990.45,62218.43
28,10,52,1039250.45,1092926.55,-53676.100000000006,76829.65,79616.23999999999
28,11,52,695976.83,699098.16,-3121.33,56269.2,62383.88
28,12,52,170887.51,173652.14,-2764.629999999998,12807.13,11328.47
28,13,52,1941718.93,2017997.21,-76278.28,158691.53999999998,153816.94
28,14,52,823095.12,871286.4,-48191.280000000006,96155.51,98387.8
28,16,52,339015.73,364401.25,-25385.520000000004,20043.51,19898.19
28,17,52,491365.05,504594.82,-13229.770000000011,49272.909999999996,45633.21
28,18,38,381510.81,414122.12,-32611.310000000005,49875.770000000004,52771.880000000005
28,19,52,68431.96,97729.04,-29297.08,5829.12,7732.360000000001
28,20,52,271958.52999999997,286736.79,-14778.26,24887.98,23794.0
28,21,52,242998.96,267802.74,-24803.78,20487.28,18872.59
28,22,52,496137.13,538084.79,-41947.659999999996,56811.47,53200.67
28,23,52,1649065.54,1698080.84,-49015.30000000003,141603.82,144178.47
28,24,52,434571.21,427555.86,7015.349999999997,42847.55,42460.43
28,25,52,778146.8,805693.71,-27546.909999999996,62648.22,60179.04
28,26,52,507540.2,614434.8,-106894.60000000002,49432.03999999999,57099.61
28,27,52,88121.92,81780.77,6341.150000000001,9267.18,8026.9
28,28,52,32056.46,27845.47,4210.99,3256.53,2297.2
28,29,52,282257.94,284535.98,-2278.0400000000022,31613.47,30054.17
28,30,52,178435.82,208971.51,-30535.690000000002,14685.11,15365.29
28,31,52,126239.65,137847.84,-11608.189999999999,8694.12,10721.68
28,32,52,431793.82,453033.48,-21239.66,44260.9,35301.19
28,33,52,439099.14,421554.55,17544.590000000004,43267.86,44124.41
28,34,52,878800.89,883402.63,-4601.740000000002,73593.78,75989.35
28,35,52,134430.44,133794.96,635.4800000000005,9708.64,9959.04
28,36,52,82009.25,112366.88,-30357.629999999997,5420.11,10497.77
28,37,52,89685.96,105494.7,-15808.740000000002,6488.08,7318.46
28,38,52,2694832.21,2501465.36,193366.85000000003,216397.73,165531.72999999998
28,40,52,2400985.5,2410330.55,-9345.05000000001,187713.53,184906.68
28,41,52,87860.71,69293.02,18567.690000000002,8041.0599999999995,6271.25
28,42,52,336338.52,327559.2,8779.320000000003,25393.13,23845.7
28,44,52,239934.95,230994.62,8940.329999999998,20708.94,18907.37
28,45,10,221.28,451.02,-229.73999999999995,23.94,10.47
28,46,52,1063570.35,1088752.63,-25182.279999999995,89245.98,79904.53
28,47,2,334.0,1159.0,-825.0,34.0,1098.0
28,49,52,684365.69,678382.91,5982.78,52377.71,45042.67
28,52,52,124308.64,136692.19,-12383.550000000001,11798.029999999999,12058.619999999999
28,54,41,1328.92,2862.9900000000002,-1534.0700000000002,164.8,186.76
28,55,52,485261.78,628313.0,-143051.22,65381.86,69214.82
28,56,51,33113.74,38673.42,-5559.68,773.48,964.18
28,58,52,312517.17,213831.91,98685.26,22652.5,16578.0
28,59,52,32383.850000000002,66531.1,-34147.25,6596.8,9985.47
28,60,52,31179.81,35555.18,-4375.37,2239.0,2349.6
28,67,52,332400.72,325571.27999999997,6829.440000000003,27492.14,24368.19
28,71,52,321053.97,358708.06,-37654.09,35017.46,34084.79
28,72,52,2824726.27,2991799.07,-167072.8,551095.36,519476.15
28,74,52,624527.03,675648.18,-51121.15,66447.7,63282.69
28,79,52,2265834.43,2244736.29,21098.139999999992,182208.22,162099.3
28,80,52,932621.48,997761.54,-65140.06000000001,67800.12,73823.51
28,81,52,1152468.48,1155287.1,-2818.6200000000063,89048.17,85017.1
28,82,52,967839.77,1029957.26,-62117.490000000005,77546.76,80946.81
28,83,52,351189.01,325099.47,26089.54,29123.43,23015.61
28,85,52,70241.39,78751.13,-8509.74,4989.02,6223.8
28,87,52,718759.87,617173.64,101586.23000000001,59197.64,44447.979999999996
28,90,52,3543484.45,3422198.91,121285.54,298776.68,255785.65
28,91,52,2976101.99,2978639.14,-2537.149999999965,232521.22,206292.13999999998
28,92,52,5397126.57,5104424.3100000005,292702.25999999995,482100.03,395807.84
28,93,52,2702829.18,2457288.2600000002,245540.91999999998,241899.03,193319.22
28,94,52,1918998.77,1864459.6,54539.16999999997,147778.37,132316.0
28,95,52,4867242.65,4902401.4,-35158.749999999985,370706.66000000003,348120.51
28,96,52,1567027.1,1288823.42,278203.68,130625.72,103372.47
28,97,52,1243521.62,1217556.92,25964.700000000004,99152.18000000001,82840.0
28,98,52,529701.64,576683.04,-46981.4,50499.04,50888.25
28,99,8,745.2,729.97,15.229999999999983,0,0
29,1,52,824416.68,813938.41,10478.269999999995,62567.92,59396.98
29,2,52,1350044.34,1271342.64,78701.70000000001,99270.92,93703.18
29,3,52,418518.25,413813.57,4704.679999999995,37456.33,40798.41
29,4,52,803028.44,720617.46,82410.98,60083.02,54235.03
29,5,52,617815.84,746515.85,-128700.01000000001,84083.37,107157.91
29,6,52,132648.18,198748.0,-66099.82,23872.170000000002,34390.0
29,7,52,918907.89,931875.02,-12967.130000000006,102766.22,97724.23999999999
29,8,52,1087593.43,1073723.09,13870.339999999982,79863.1,78249.88
29,9,52,603627.4,555045.91,48581.490000000005,39465.4,30941.45
29,10,52,470508.94,497781.2,-27272.260000000002,35278.18,42048.0
29,11,52,422136.12,401215.98,20920.14,30657.690000000002,31165.4
29,12,52,111888.57,111318.74,569.830000000001,7349.25,7180.93
29,13,52,937292.46,919037.9,18254.55999999999,70529.82,70493.64
29,14,52,514017.37,505815.01,8202.360000000004,56843.380000000005,52441.15
29,16,52,334921.71,342876.72000000003,-7955.010000000001,9221.980000000001,17167.39
29,17,52,410855.2,424006.24,-13151.039999999999,34769.11,36891.05
29,18,39,166071.39,159296.63,6774.760000000004,20232.800000000003,20089.48
29,19,21,255.1,1026.97,-771.87,0,0
29,20,52,204651.6,189194.84,15456.759999999998,18057.27,15078.37
29,21,52,199721.12,193497.93,6223.190000000002,16319.51,14462.92
29,22,52,333992.0,329106.22000000003,4885.779999999998,35412.05,32262.22
29,23,52,1051823.1,1026288.19,25534.910000000018,82907.02,77943.42
29,24,52,226607.45,232997.24,-6389.789999999999,18950.86,17837.11
29,25,52,345768.16,330399.01,15369.149999999998,24847.1,25860.02
29,26,52,214759.95,213271.19,1488.7600000000002,16739.37,18917.2
29,27,52,76261.39,76601.32,-339.9299999999994,6976.12,6505.8
29,28,52,31376.36,34908.39,-3532.03,2472.88,2807.34
29,29,52,241620.19,241796.35,-176.16000000000304,21069.55,19877.84
29,30,52,143599.6,151705.19,-8105.590000000001,10066.07,10435.98
29,31,52,95515.81,110188.62,-14672.810000000001,8033.15,8396.24
29,32,52,210934.99,220274.68,-9339.689999999999,21239.72,18495.58
29,33,52,204567.12,213883.71,-9316.590000000002,17906.32,17815.05
29,34,52,517873.5,586964.38,-69090.88,36858.17,40779.66
29,35,52,119661.11,129084.01,-9422.9,7487.47,7117.16
29,36,52,54437.27,56898.92,-2461.65,4887.21,4123.1900000000005
29,38,52,2275590.45,2252660.12,22930.329999999947,172936.41,154525.38
29,40,52,1558531.26,1462140.84,96390.41999999998,115568.43,110085.19
29,41,52,45387.71,42628.65,2759.06,3792.55,2731.25
29,42,52,202747.19,192344.97,10402.22,16025.97,14558.4
29,44,52,101274.27,103762.92,-2488.6499999999996,8742.21,7967.25
29,46,52,651870.77,626123.41,25747.36,48576.24,46977.16
29,47,1,-33.0,-300.0,267.0,0,0
29,49,3,-174.35999999999999,213.84,-388.2,0,0
29,51,1,9.96,-3.36,13.32,0,0
29,52,52,45660.4,49727.24,-4066.8399999999992,4354.57,4350.2
29,54,22,332.6,1014.39,-681.79,39.879999999999995,100.84
29,55,52,273123.1,344636.96,-71513.86,45871.44,48878.33
29,56,52,165683.41,134830.32,30853.089999999997,3479.48,2183.23
29,58,16,7580.0,16450.0,-8870.0,912.5,4105.0
29,59,52,13782.47,19858.77,-6076.299999999999,1778.99,2116.9700000000003
29,60,50,13133.8,16602.0,-3468.2000000000003,899.6,1707.2
29,67,52,339839.32,311166.83,28672.489999999998,29492.69,27032.08
29,71,52,144341.47,140151.99,4189.4800000000005,17530.809999999998,14774.84
29,72,52,1772557.74,1917226.0,-144668.26,385769.86,375706.95
29,74,52,444077.73,426239.71,17838.02,44232.4,40703.83
29,79,52,428927.29,424693.97,4233.319999999998,30995.64,34412.82
29,80,49,1342.94,1769.84,-426.9,141.06,254.14
29,81,52,273618.66,274935.06,-1316.4000000000005,19518.41,19571.760000000002
29,82,52,526104.45,506123.24,19981.210000000003,41277.58,34922.49
29,83,52,42274.55,37707.4,4567.150000000001,3049.09,2996.9
29,85,52,87879.43,95087.95,-7208.52,5402.83,6199.32
29,87,52,482591.36,478019.36,4571.999999999995,41822.76,37080.27
29,90,52,578989.84,568189.47,10800.369999999999,45537.46,43814.5
29,91,52,232737.41,249261.13,-16523.719999999998,17015.86,19568.85
29,92,52,1423770.25,1284699.45,139070.8,111743.57,97195.97
29,93,52,69273.44,56582.69,12690.75,5802.72,4522.32
29,94,21,5707.47,7353.42,-1645.9500000000003,142.9,99.52
29,95,52,1592658.6,1585255.47,7403.129999999979,114525.54999999999,115213.01
29,97,52,112179.45,106786.56,5392.890000000001,8526.779999999999,7789.65
29,98,49,10579.61,5817.84,4761.7699999999995,777.0500000000001,335.33
30,1,52,485771.29,509456.31,-23685.019999999997,35225.82,37451.61
30,2,52,644703.26,672107.93,-27404.67,47286.21,48143.25
30,3,52,35656.72,40103.12,-4446.4,2397.9,2386.56
30,4,52,669156.93,680627.51,-11470.580000000005,53627.1,56338.9
30,5,52,24644.84,19426.1,5218.74,1834.92,1054.92
30,6,36,539.32,984.5,-445.18,3.62,103.22
30,7,52,13909.23,18797.47,-4888.24,1114.02,825.62
30,8,52,609379.74,594469.43,14910.310000000003,44515.24,43894.37
30,9,51,2851.61,4628.9800000000005,-1777.3700000000001,136.59,221.69
30,10,52,11743.04,9776.94,1966.1,1038.24,724.21
30,11,52,41491.96,49261.14,-7769.18,4493.860000000001,5011.6
30,12,52,4353.35,3271.49,1081.8600000000001,290.89,216.79
30,13,52,563504.83,572038.25,-8533.420000000002,42443.79,44357.24
30,14,52,50134.74,47306.52,2828.22,6877.52,6241.18
30,16,52,75933.79,84084.92,-8151.13,5067.35,6847.13
30,17,31,2276.2,6122.87,-3846.67,414.52000000000004,539.63
30,18,31,15659.08,10507.92,5151.16,1592.22,757.02
30,20,19,853.44,1121.35,-267.91,32.0,9.97
30,21,52,60253.75,85075.48,-24821.73,4386.89,6488.94
30,22,8,499.76,275.63,224.13,14.32,25.9
30,23,4,82.89,66.95,15.94,0,0
30,25,49,2232.77,1549.94,682.83,130.35,52.5
30,26,3,33.739999999999995,20.5,13.239999999999998,12.0,3.5
30,28,52,3234.88,5030.99,-1796.11,286.57,403.63
30,31,44,2456.37,2221.9,234.47,24.5,114.96000000000001
30,32,36,2382.73,724.72,1658.01,74.0,69.83
30,38,52,3197722.69,3219008.15,-21285.46000000002,233561.25,238650.98
30,40,52,1237266.62,1201072.48,36194.140000000014,88662.14,95976.12
30,41,2,6.0,16.0,-10.0,0,0
30,42,52,3858.31,2783.98,1074.33,227.27,202.31
30,46,52,290285.77999999997,343963.23,-53677.450000000004,19924.82,24437.81
30,52,51,843.82,992.15,-148.32999999999998,75.5,71.2
30,56,35,4109.39,2235.95,1873.44,222.98000000000002,58.5
30,59,52,1925.05,4711.08,-2786.03,477.57,490.43
30,60,52,31796.4,36317.6,-4521.200000000001,2362.4,2499.2000000000003
30,67,52,71404.74,71843.93,-439.18999999999903,5353.7300000000005,5394.82
30,72,51,2913.83,2921.95,-8.120000000000104,147.13,280.93
30,74,52,5241.0,17528.57,-12287.57,534.27,1539.15
30,79,52,314337.24,280417.04,33920.2,22002.91,20689.95
30,80,52,354637.19,309420.76,45216.43,26031.77,21572.079999999998
30,81,52,559051.27,575812.3,-16761.03,39946.649999999994,42712.259999999995
30,82,52,248299.92,250426.49,-2126.5699999999983,21923.63,16835.59
30,83,52,82810.6,93107.65,-10297.05,5886.52,7163.71
30,85,50,2603.43,4140.33,-1536.9,170.48999999999998,298.67
30,87,52,17610.1,19614.35,-2004.2500000000002,1053.1599999999999,1536.35
30,90,52,1861373.73,1749453.65,111920.07999999999,147151.14,132630.53
30,91,52,1590928.75,1603177.92,-12249.169999999998,113629.04000000001,117085.47
30,92,52,2866425.66,2673686.15,192739.51,234729.02000000002,221901.58000000002
30,93,52,1185629.89,1123616.16,62013.72999999999,90370.27,85252.17
30,94,52,1275303.02,1220582.47,54720.54999999999,92151.70999999999,84980.84
30,95,52,2312840.78,2268739.68,44101.099999999984,165955.47,169193.73
30,96,52,979010.22,964207.2,14803.019999999988,81824.29000000001,85342.20999999999
30,97,52,675937.99,672070.8,3867.1900000000023,48358.3,48784.0
30,98,52,182937.95,155888.96,27048.99,17277.74,13968.89
31,1,52,929109.33,899081.2,30028.129999999997,69954.86,70918.02
31,2,52,3104796.39,3028862.66,75933.72999999995,237882.07,225046.01
31,3,52,552265.23,551312.82,952.4100000000071,38364.04,29850.34
31,4,52,1885565.24,1821464.25,64100.98999999999,153606.36,143389.97
31,5,52,912466.6,1088895.83,-176429.23,111369.9,124908.41
31,6,52,137500.29,197504.61000000002,-60004.32,27343.64,31398.08
31,7,52,1172682.55,1186735.49,-14052.94000000001,127987.07,98961.54
31,8,52,1313631.79,1328524.62,-14892.830000000024,96863.55,99076.55
31,9,52,540458.61,563757.62,-23299.010000000002,41922.69,37655.46
31,10,52,1011033.87,1062031.32,-50997.45,76343.5,81902.03
31,11,52,583696.98,625222.1,-41525.119999999995,44903.21,41788.3
31,12,52,142918.89,141088.75,1830.1399999999996,9039.52,10448.73
31,13,52,2303193.24,2186428.38,116764.86000000002,176591.14,167117.18
31,14,52,951731.78,919372.39,32359.39,109984.23,97342.72
31,16,52,398188.95,405320.27,-7131.32,20598.82,18717.75
31,17,52,412659.3,421227.5,-8568.199999999997,37735.72,34827.32
31,18,44,299231.93,319886.78,-20654.85,45841.979999999996,45090.27
31,19,52,1974.93,2057.3,-82.36999999999999,138.81,91.00999999999999
31,20,52,337226.89,312716.49,24510.4,27650.86,25312.33
31,21,52,222008.23,246610.28,-24602.050000000003,17712.1,19580.82
31,22,52,448928.4,456167.72,-7239.319999999996,48302.53,44506.409999999996
31,23,52,1094716.58,1110529.77,-15813.190000000008,86897.07,86879.84
31,24,52,243543.19,231537.86,12005.329999999998,23369.829999999998,18404.4
31,25,52,481463.52,495479.46,-14015.939999999999,37853.86,34706.81
31,26,52,368830.18,374838.26,-6008.079999999996,31781.25,29803.46
31,27,52,67717.52,64622.0,3095.5199999999986,8189.0199999999995,6426.360000000001
31,28,52,30442.329999999998,32105.5,-1663.17,2866.1899999999996,3170.13
31,29,52,248938.44,224809.82,24128.619999999995,25494.98,19642.85
31,30,52,161181.33,159861.84,1319.4900000000014,11235.99,10476.24
31,31,52,121415.02,125392.06,-3977.04,7796.44,8334.04
31,32,52,314624.83,322802.35,-8177.520000000005,30705.519999999997,23770.05
31,33,52,253347.54,258117.12,-4769.579999999997,23682.16,22226.93
31,34,52,707477.02,713724.84,-6247.819999999998,51047.54,55941.32
31,35,52,85580.07,105192.35,-19612.280000000002,6311.21,7698.27
31,36,52,74636.87,81711.34,-7074.470000000001,5332.5,3554.5
31,37,52,142871.27,163882.07,-21010.8,11482.95,12317.68
31,38,52,4211659.15,4234753.69,-23094.53999999998,288151.04,311831.82
31,40,52,3048649.49,2939968.94,108680.55000000005,220523.89,226499.03
31,41,52,58548.55,89639.2,-31090.649999999998,4241.78,10542.75
31,42,52,287759.34,276720.77999999997,11038.560000000001,21182.29,19444.9
31,44,52,120184.45,124429.42,-4244.970000000001,10829.75,9854.25
31,45,3,28.38,44.45,-16.07,0,0
31,46,52,1352448.84,1356234.87,-3786.029999999999,100396.34,97536.79000000001
31,49,52,457787.9,445578.18,12209.719999999994,33491.76,33124.07
31,52,52,34972.5,37973.62,-3001.12,3470.92,3657.7299999999996
31,54,40,1471.16,3125.08,-1653.92,172.12,186.56
31,55,52,403245.72000000003,437778.19,-34532.47,58149.409999999996,51518.350000000006
31,56,52,84123.37,93148.78,-9025.410000000002,3622.7200000000003,3365.06
31,58,52,152752.5,148635.0,4117.5,11620.0,12005.0
31,59,52,19402.25,33107.43,-13705.18,2922.03,3489.52
31,60,52,14769.0,13713.6,1055.3999999999999,784.8000000000001,1100.0
31,67,52,353143.73,339606.37,13537.360000000004,31301.33,27133.75
31,71,52,269813.26,303782.92,-33969.659999999996,26622.04,29721.7
31,72,52,2502926.77,2406567.97,96358.80000000002,436282.82,382701.22
31,74,52,782805.81,795977.25,-13171.44000000001,75438.78,68415.29
31,79,52,1931010.79,1883091.27,47919.519999999975,149086.34,130933.47
31,80,52,1003502.76,1029525.85,-26023.09,74480.05,75864.27
31,81,52,1346932.7,1356994.93,-10062.229999999996,102557.68,104562.31999999999
31,82,52,1067191.37,942989.71,124201.65999999999,88946.62,70199.51
31,83,52,463215.35,437713.42,25501.93,32604.269999999997,31982.66
31,85,52,62032.51,69165.53,-7133.019999999999,4656.29,3956.82
31,87,52,485687.48,428877.88,56809.6,37042.79,31482.41
31,90,52,4717758.28,4557743.79,160014.48999999993,375086.3,343002.04000000004
31,91,52,3639624.77,3720707.48,-81082.70999999999,268190.96,277638.22
31,92,52,6964278.54,6683624.87,280653.6699999999,570442.29,549775.0
31,93,52,3223456.3,3054449.34,169006.96000000002,264988.19,246731.72000000003
31,94,52,3592145.66,3724177.26,-132031.59999999998,260784.04,266761.19
31,95,52,5602414.26,5645579.9,-43165.63999999997,415028.86,424115.12
31,96,52,1583278.84,1613299.41,-30020.569999999985,143107.87,161909.38
31,97,52,1624562.99,1676467.73,-51904.73999999999,120714.51999999999,123589.52
31,98,52,539101.88,535241.97,3859.9099999999953,50667.770000000004,46791.68
31,99,13,1167.5,1405.18,-237.68,2.07,100.0
32,1,52,1264511.65,1180458.37,84053.28,88476.73999999999,82012.7
32,2,52,2690591.88,2600676.19,89915.68999999999,191777.09,181719.2
32,3,52,837922.98,788904.58,49018.40000000001,51885.37,47262.369999999995
32,4,52,1493276.15,1469764.94,23511.21000000002,115061.21,110993.35
32,5,52,1124447.31,1137914.25,-13466.940000000006,146387.36000000002,141178.2
32,6,52,211881.41,259916.15,-48034.740000000005,28707.54,35772.41
32,7,52,1416108.52,1415799.43,309.09000000000924,148101.0,142054.74
32,8,52,1286314.76,1291157.08,-4842.32,96887.56,94751.63
32,9,52,1215096.0,1003583.8,211512.19999999998,78114.95,55574.35
32,10,52,1285045.16,1192182.28,92862.88,90150.04,101181.24
32,11,52,800296.83,775266.1900000001,25030.64,60483.57,64330.67
32,12,52,167986.98,159438.98,8548.000000000002,10237.04,10649.11
32,13,52,1557951.5,1556859.11,1092.3899999999921,115513.69,113748.62
32,14,52,839013.25,841468.39,-2455.140000000005,94013.49,86912.6
32,16,52,704502.13,709250.17,-4748.039999999984,25358.84,26043.86
32,17,52,600531.35,601184.83,-653.4799999999959,50008.11,51772.08
32,18,39,385054.48,395948.19,-10893.709999999992,56386.73,62531.130000000005
32,19,52,88344.7,84751.9,3592.8,7117.1900000000005,6898.389999999999
32,20,52,259981.05,256813.72,3167.330000000006,22180.809999999998,17988.04
32,21,52,259092.97,253933.41,5159.56,20270.08,19063.47
32,22,52,476955.9,471934.13,5021.769999999999,46578.7,45059.71
32,23,52,1047570.37,973827.05,73743.31999999998,79725.3,72122.25
32,24,52,223861.82,214035.62,9826.2,19458.489999999998,19402.36
32,25,52,415609.48,401710.48,13899.000000000002,28379.51,31180.31
32,26,52,311927.86,320000.96,-8073.100000000004,24561.16,27016.2
32,27,52,73006.9,67604.88,5402.019999999999,7163.15,4552.01
32,28,52,34004.57,35328.61,-1324.04,2465.21,3065.5
32,29,52,181884.55,174376.59,7507.960000000001,14225.42,14526.96
32,30,52,121874.79,117306.78,4568.009999999999,7527.77,6636.3
32,31,52,117384.12,120870.77,-3486.65,7863.49,9276.82
32,32,52,283032.42,275469.31,7563.110000000003,23577.79,18254.32
32,33,52,196792.69,214193.76,-17401.07,18049.920000000002,20242.59
32,34,52,560246.85,619268.74,-59021.89,35993.79,41406.32
32,35,52,105854.31,115313.31999999999,-9459.009999999998,7846.5,7963.24
32,36,52,80786.58,81662.97,-876.3899999999998,6014.95,5015.84
32,37,52,147309.51,153593.31,-6283.799999999999,10455.75,11301.43
32,38,52,3509885.61,3099520.87,410364.74,246028.56,210039.11
32,40,52,3143388.08,2993714.79,149673.29,227328.74,219275.03
32,41,52,177252.78,126768.69,50484.09,13111.98,7701.25
32,42,52,355084.08999999997,347970.43,7113.659999999996,24257.39,22939.09
32,44,52,235369.58,223590.36,11779.220000000003,19625.45,15760.97
32,45,15,353.44,296.96999999999997,56.470000000000006,29.880000000000003,41.79
32,46,52,1448299.24,1371173.45,77125.78999999998,99093.73,90139.46
32,49,52,253532.13,238209.9,15322.229999999998,23807.800000000003,18413.28
32,52,52,130587.02,132509.15,-1922.1299999999994,9176.68,9499.55
32,54,42,1276.32,2252.33,-976.01,89.6,181.06
32,55,52,503765.96,509668.64,-5902.680000000001,74047.85,64961.5
32,56,52,255957.64,280033.84,-24076.2,5978.94,6863.48
32,58,52,104930.0,81546.98,23383.02,6370.0,5222.5
32,59,52,25146.39,40781.65,-15635.26,2515.17,4265.95
32,60,52,40361.4,41104.8,-743.4000000000001,2264.4,2675.2
32,67,52,502931.4,493891.77,9039.629999999996,39036.46,37658.16
32,71,52,265105.45,263768.26,1337.1900000000019,24981.06,20661.71
32,72,52,2491747.21,2344626.51,147120.70000000004,380870.37,337798.33
32,74,52,789467.09,767774.42,21692.67,70976.68,68762.18000000001
32,79,52,785629.75,801974.12,-16344.37,57901.479999999996,57654.119999999995
32,80,52,905352.13,859582.44,45769.69000000001,64164.32,64361.29
32,81,52,867443.54,916594.2,-49150.659999999996,62145.87,67666.19
32,82,52,1045964.29,980130.35,65833.94,85291.34,65566.72
32,83,52,192657.29,196671.62,-4014.3299999999977,14591.279999999999,16097.189999999999
32,85,52,112457.05,127114.77,-14657.720000000001,7457.2699999999995,7196.66
32,87,52,415347.19,333024.47000000003,82322.72,31174.440000000002,23829.190000000002
32,90,52,3300061.85,3253373.42,46688.42999999999,259605.92,257035.11000000002
32,91,52,2504359.71,2523413.16,-19053.449999999983,183400.87,188640.16
32,92,52,5488770.19,5227133.68,261636.50999999995,436763.0,420368.58999999997
32,93,52,1655340.35,1611649.05,43691.3,127900.66,130571.20000000001
32,94,52,2539169.73,2545241.49,-6071.760000000053,184148.52,187378.07
32,95,52,4410239.33,4406736.4,3502.929999999971,310974.93,312507.43
32,96,52,122098.09,115791.17,6306.920000000002,9199.15,9589.47
32,97,52,876413.75,907317.28,-30903.53000000001,63352.899999999994,66953.2
32,98,52,411158.79,411706.76,-547.9700000000012,33296.99,35424.259999999995
32,99,7,645.37,1065.0,-419.63,0.13,140.0
33,1,52,159435.03,129018.34,30416.69,12285.310000000001,9024.75
33,2,52,419096.15,373656.42,45439.729999999996,31201.050000000003,26628.32
33,3,52,20525.73,15046.89,5478.84,1133.9,802.42
33,4,52,342249.15,304222.75,38026.4,30703.83,26870.85
33,5,51,3170.0,6377.69,-3207.69,390.0,819.96
33,7,52,23785.85,23772.28,13.569999999999766,1999.79,4355.6900000000005
33,8,52,230130.11,181061.59,49068.520000000004,17192.71,13579.83
33,9,36,1807.15,1972.64,-165.48999999999998,69.32,58.58
33,10,52,5728.69,3495.08,2233.61,256.19,220.05
33,11,52,9644.95,9512.65,132.30000000000007,788.5,1089.53
33,12,50,1212.1,1005.75,206.35,73.66,46.86
33,13,52,390238.26,344103.03,46135.229999999996,29999.59,25767.78
33,14,52,44369.11,52327.61,-7958.5,4796.83,6254.82
33,16,52,16695.02,14799.42,1895.6000000000001,1515.28,1145.85
33,17,52,12828.85,14994.76,-2165.91,941.78,1527.59
33,18,29,12161.369999999999,7222.13,4939.24,1253.91,783.0600000000001
33,20,52,2180.69,3431.44,-1250.75,177.01,247.22
33,21,52,7452.71,10209.710000000001,-2757.0,582.25,1017.46
33,22,19,848.24,539.0,309.24,67.5,77.5
33,25,14,52.1,315.21,-263.11,6.96,14.5
33,26,52,10289.42,5047.29,5242.13,531.14,327.99
33,31,7,278.32,391.4,-113.08,39.76,13.88
33,38,52,991375.39,612200.68,379174.70999999996,65949.47,40125.6
33,40,52,375595.45,311048.54,64546.91,29040.34,24411.239999999998
33,41,18,641.5,1297.5,-656.0,0,0
33,42,52,3792.2799999999997,2522.71,1269.57,270.58,264.48
33,44,2,4.71,4.58,0.1299999999999999,0,0
33,46,52,105612.55,99277.11,6335.4400000000005,7624.21,7701.9800000000005
33,52,26,480.21000000000004,465.54,14.670000000000014,55.489999999999995,51.64
33,55,40,978.4,1610.22,-631.8199999999999,142.88,172.92
33,56,5,773.83,795.6800000000001,-21.849999999999994,9.0,17.5
33,59,15,322.62,283.49,39.13000000000001,20.0,17.48
33,60,52,5933.6,5332.8,600.8,410.4,466.4
33,67,52,35894.04,32312.25,3581.79,2629.18,2185.7
33,74,52,17648.16,18370.78,-722.6200000000001,1317.12,1389.05
33,79,52,613964.35,553336.26,60628.09,44031.2,41062.52
33,80,52,367496.86,438748.06,-71251.20000000001,27450.88,33535.9
33,81,52,475241.35,443015.9,32225.45,35202.57,34395.17
33,82,52,182634.93,157369.87,25265.06,14588.83,12729.2
33,83,52,91471.98,124020.20999999999,-32548.23,6065.85,8343.08
33,87,51,18516.58,19830.329999999998,-1313.75,1564.22,1644.6599999999999
33,90,52,1317424.65,1237588.75,79835.9,101049.51,97773.18
33,91,52,554856.89,490173.46,64683.43000000001,39422.07,35976.07
33,92,52,1777116.82,1677934.6,99182.22,141621.68,141085.63
33,93,52,1072272.43,1280547.94,-208275.50999999998,89571.07,113627.70999999999
33,94,52,1267876.32,1404882.8800000001,-137006.56,88883.27,103099.29000000001
33,95,52,1491090.62,1338088.52,153002.09999999998,106624.81,100739.08
33,96,52,545637.76,470457.21,75180.55,46404.880000000005,42434.92
33,97,52,282987.65,273837.04,9150.610000000002,20780.58,19829.27
33,98,52,355003.95,374479.24,-19475.29,32982.520000000004,33884.15
34,1,52,1083843.39,1039028.64,44814.75000000001,86619.94,82920.05
34,2,52,1830983.94,1826099.4,4884.540000000001,141415.03,136036.66999999998
34,3,52,442168.8,433503.93,8664.869999999995,28096.5,29242.0
34,4,52,1068964.64,1015678.57,53286.06999999999,89223.04,85613.68
34,5,52,1154830.36,1250538.44,-95708.07999999999,140697.16,143026.08
34,6,52,160874.74,187397.72,-26522.980000000003,23389.64,24952.420000000002
34,7,52,998509.8,985520.62,12989.180000000004,103532.46,87396.37
34,8,52,1434195.58,1394068.39,40127.19,106854.22,111147.43
34,9,52,946381.87,864810.58,81571.28999999998,75092.19,62464.8
34,10,52,934156.55,849022.26,85134.29000000001,69771.11,61720.17
34,11,52,816560.47,842738.11,-26177.640000000014,63531.14,67345.2
34,12,52,263710.41,282639.11,-18928.7,16944.85,19000.38
34,13,52,1228619.15,1194253.78,34365.369999999995,92442.98999999999,92811.47
34,14,52,566797.16,522584.09,44213.07,62062.73,55284.66
34,16,52,782618.35,785036.68,-2418.3300000000045,29956.93,26038.45
34,17,52,370500.07,346123.15,24376.92,34045.95,29600.850000000002
34,18,42,257743.87,269752.67,-12008.799999999997,36965.78,37291.25
34,19,15,396.63,513.13,-116.5,54.32,96.97
34,20,52,156041.09,152139.74,3901.3500000000035,14886.6,12165.75
34,21,52,224885.08,231625.38,-6740.300000000001,19596.91,18314.71
34,22,52,329846.83,327544.62,2302.2100000000037,34826.31,33032.78
34,23,52,709287.8,744407.18,-35119.38,58060.490000000005,61778.43
34,24,52,159776.84,164609.96,-4833.120000000004,14500.55,14685.51
34,25,52,295613.35,310632.91,-15019.560000000001,24553.67,24589.89
34,26,52,230180.0,238770.09,-8590.090000000002,18593.61,23052.47
34,27,52,42733.79,39021.76,3712.0299999999997,4462.1,3875.54
34,28,52,13244.06,14854.29,-1610.23,1173.33,1105.68
34,29,52,117123.66,115656.66,1467.0000000000023,11977.74,11092.439999999999
34,30,52,100150.55,94970.92,5179.630000000001,7641.98,6861.96
34,31,52,48071.94,51670.59,-3598.649999999999,3217.3100000000004,4125.78
34,32,52,268065.18,271013.67,-2948.4899999999975,25204.22,23273.65
34,33,52,175863.64,181658.19,-5794.549999999999,15315.59,17007.68
34,34,52,374992.3,443989.63,-68997.33,28614.65,40121.6
34,35,52,75170.62,96234.25,-21063.63,5526.88,7176.19
34,36,52,43679.49,51885.96,-8206.47,2392.27,3215.5
34,37,52,119270.74,106487.97,12782.77,8746.08,8857.25
34,38,52,2512765.09,2600234.55,-87469.45999999999,183448.52000000002,200170.18
34,40,52,1987470.91,2043703.14,-56232.22999999998,158404.13,163773.21
34,41,51,26518.71,18036.25,8482.460000000001,2524.91,2776.75
34,42,52,229748.41,204395.12,25353.29,15768.32,15270.06
34,44,52,185089.7,166604.43,18485.27,15899.31,17152.63
34,46,52,913047.28,928111.73,-15064.449999999999,71993.97,70744.48
34,48,44,91108.0,34082.3,57025.7,8265.0,3848.0
34,49,52,185901.52,218586.38,-32684.860000000004,12456.49,17190.07
34,51,2,2.73,20.22,-17.49,0,0
34,52,52,67255.65,63301.04,3954.6100000000006,5867.860000000001,5695.9
34,54,30,553.0,947.85,-394.85,42.76,72.92
34,55,52,550686.64,573413.97,-22727.329999999998,76030.93,67210.86
34,56,52,178682.02,194066.46,-15384.44,3252.61,3211.73
34,59,52,19278.34,33210.73,-13932.39,2344.27,3591.6600000000003
34,60,50,3942.4,3194.4,748.0,256.2,211.20000000000002
34,65,52,2275986.4,2291770.04,-15783.640000000018,149185.74,164559.82
34,67,52,381037.77,331705.25,49332.520000000004,29279.09,27414.5
34,71,52,119058.05,128603.76,-9545.710000000003,14590.05,11178.91
34,72,52,1992653.39,1945280.34,47373.05000000001,298258.58999999997,273890.93
34,74,52,402436.39,392631.46,9804.929999999997,39063.13,37611.6
34,79,52,783793.07,778920.81,4872.259999999998,62298.89,61663.259999999995
34,80,52,640074.52,624827.04,15247.480000000009,50148.28,47914.09
34,81,52,878194.78,792409.16,85785.62,66761.28,59738.48
34,82,52,955961.43,826485.1900000001,129476.23999999999,85874.4,63299.45
34,83,52,156649.12,141126.67,15522.45,11926.97,9078.39
34,85,52,87325.91,101126.69,-13800.78,6043.72,6644.219999999999
34,87,52,395625.4,296364.68,99260.72,29493.34,22588.78
34,90,52,2440626.86,2318197.11,122429.75,201371.06,187206.74
34,91,52,1847520.86,1756526.62,90994.24,138350.09,133971.84
34,92,52,3830888.56,3453379.47,377509.08999999997,324684.73,290842.81
34,93,52,1694059.1,1497305.7,196753.40000000002,138261.87,120943.09
34,94,52,2006018.29,1921528.04,84490.25000000003,144514.21,137711.86
34,95,52,3689812.64,3596539.11,93273.53000000003,277298.65,260346.12
34,96,52,1063123.32,971554.36,91568.96,98497.23000000001,91748.8
34,97,52,943694.06,902269.08,41424.98,69424.55,65530.19
34,98,52,418173.78,413106.06,5067.720000000009,37899.49,37511.08
34,99,7,905.16,800.62,104.54,0,0
35,1,52,822697.39,855832.4,-33135.009999999995,62996.93,65964.03
35,2,52,2320632.49,2110465.05,210167.44,182572.63,154307.74
35,3,52,720657.5,657791.87,62865.63,76332.03,76371.09
35,4,52,915007.6,937525.15,-22517.549999999992,75327.64,72333.56
35,5,52,1172809.88,1347285.5,-174475.62,178710.88,163023.5
35,6,52,261875.08,379560.38,-117685.3,51725.56,58330.46000000001
35,7,52,1570806.05,1544173.21,26632.84000000001,176333.77,126514.82999999999
35,8,52,900607.98,850561.28,50046.7,68367.26,60364.22
35,9,52,712858.39,749868.41,-37010.020000000004,48579.79,45230.58
35,10,52,716684.9,736011.6,-19326.700000000008,54183.15,53052.14
35,11,52,827971.82,853960.84,-25989.01999999999,47919.59,48515.68
35,12,52,95536.6,99824.89,-4288.290000000001,7061.09,5791.32
35,13,52,1562949.03,1576168.6,-13219.569999999989,123021.37,119978.14
35,14,52,1401322.37,1413147.99,-11825.619999999992,147001.24,136504.4
35,16,52,247348.02,349689.12,-102341.1,2206.3,10556.69
35,17,52,807627.33,836718.07,-29090.739999999998,75346.14,69376.16
35,18,49,362566.89,341743.36,20823.530000000006,57378.31,47428.56
35,20,52,561349.43,576598.75,-15249.32,49483.34,48061.79
35,21,52,178958.24,191818.68,-12860.44,14899.039999999999,13855.7
35,22,52,1056170.82,1054259.32,1911.5000000000036,105849.72,92738.94
35,23,52,1912418.62,1993594.11,-81175.49000000002,153659.56,163185.18
35,24,52,514861.77,523325.56,-8463.789999999997,55941.11,57057.4
35,25,52,709647.03,750165.65,-40518.619999999995,55865.94,63399.28
35,26,52,613584.46,654347.86,-40763.399999999994,51223.14,49088.99
35,27,52,87145.36,84684.5,2460.8600000000006,8911.06,7529.389999999999
35,28,52,37585.02,36889.57,695.4499999999994,3221.83,3258.34
35,29,52,418377.55,412696.6,5680.950000000005,36345.65,36684.64
35,30,52,269135.63,280678.97,-11543.339999999998,21168.82,22976.8
35,31,52,206744.83000000002,252660.39,-45915.56,21036.04,25976.149999999998
35,32,52,382843.15,383906.64,-1063.4900000000052,38430.06,32056.71
35,33,52,488010.57,520291.96,-32281.390000000007,47240.18,55227.48
35,34,52,1262730.6300000001,1170395.07,92335.56000000001,81491.6,75841.57
35,35,52,139747.54,166411.9,-26664.36,9386.63,9937.04
35,36,52,165396.97,186070.64,-20673.67,10668.38,9513.12
35,38,52,1873255.09,1817842.53,55412.56000000002,126112.69,132044.27000000002
35,40,52,1772425.58,1682261.49,90164.09,133247.82,122911.04000000001
35,41,52,102974.78,116014.19,-13039.41,13925.31,7248.25
35,42,52,367642.62,410094.39,-42451.770000000004,25810.18,27312.89
35,44,52,90379.32,83137.82,7241.5,7359.99,7245.21
35,46,52,855153.3,763169.54,91983.76000000001,73905.31,57040.71
35,49,7,86.07,-87.75,173.82000000000002,0,0
35,51,6,43.480000000000004,63.56,-20.08,0,0
35,52,52,75601.43,74346.39,1255.04,7409.92,8023.860000000001
35,54,45,1993.66,4786.76,-2793.1,252.72,458.2
35,55,52,586973.42,616871.84,-29898.42,85197.38,65636.19
35,56,46,36395.63,40711.99,-4316.36,1694.4,2082.82
35,58,49,94440.0,95743.5,-1303.5,6025.0,11722.5
35,59,45,33407.36,62421.72,-29014.359999999997,7885.51,8374.79
35,60,52,4247.5,4917.2,-669.7,277.4,440.0
35,67,52,285819.99,255345.99,30474.000000000004,22861.94,20448.6
35,71,52,610027.81,587143.94,22883.870000000003,74308.3,58379.28
35,72,52,4567172.6,4476952.01,90220.59000000001,965205.9600000001,858010.9
35,74,52,1013517.88,1080584.96,-67067.08,94589.11,94493.5
35,79,52,1213693.23,1169089.65,44603.58,100024.85,87128.19
35,80,51,2539.23,2647.59,-108.35999999999987,417.63,224.14
35,81,52,325941.4,356392.83,-30451.43,25030.07,26653.74
35,82,52,583510.93,563774.0,19736.929999999997,49882.81,41224.76
35,83,52,92604.92,98662.79,-6057.87,5181.88,7493.15
35,85,52,92121.76,94065.45,-1943.69,6860.9800000000005,5689.75
35,87,52,634984.62,517812.27999999997,117172.34000000001,52863.270000000004,43756.69
35,90,52,642558.06,597582.59,44975.47000000001,53064.76,46016.4
35,91,52,350739.39,374940.45,-24201.06,28480.329999999998,27875.980000000003
35,92,52,1690533.8800000001,1547515.88,143018.0,131016.11,117906.48
35,93,52,75177.59,65054.6,10122.99,5956.8099999999995,4329.17
35,94,27,7348.54,8485.84,-1137.2999999999997,111.96,11.530000000000001
35,95,52,2066562.28,2053438.57,13123.709999999985,154490.99,157281.96
35,97,52,169162.69,170815.23,-1652.5399999999995,12651.56,11971.24
35,98,43,3186.7,3049.43,137.27000000000004,788.15,240.66
36,1,52,131632.82,121289.54000000001,10343.279999999999,9043.67,10475.11
36,2,52,643279.61,677696.85,-34417.24,48345.55,50083.74
36,3,52,24419.08,20131.54,4287.54,1667.96,1157.07
36,4,52,436690.73,516921.53,-80230.79999999999,36410.19,44627.17
36,5,52,8399.16,26818.72,-18419.56,746.5,3140.48
36,7,52,22501.25,21889.28,611.9699999999999,1645.78,1617.84
36,8,52,171922.86,178345.34,-6422.480000000001,13148.0,14405.65
36,9,27,4250.93,2554.54,1696.39,174.44,38.6
36,10,52,11340.35,9651.83,1688.52,845.86,751.64
36,11,52,12931.35,15215.71,-2284.3599999999997,901.74,1305.44
36,12,52,2155.82,1717.35,438.46999999999997,160.83,132.96
36,13,52,571770.34,634511.91,-62741.57,43830.15,49253.36
36,14,52,73612.06,91506.25,-17894.190000000002,7051.8099999999995,9634.6
36,16,52,26859.93,30645.44,-3785.51,2098.17,2972.17
36,17,52,15548.6,28658.32,-13109.72,1252.98,3193.69
36,18,34,13183.45,8004.96,5178.49,1051.44,1462.38
36,20,52,1691.89,3777.25,-2085.36,64.0,207.05
36,21,52,10125.77,12514.85,-2389.08,961.52,1012.45
36,23,2,43.68,14.0,29.68,0,0
36,25,27,168.02,306.32,-138.29999999999998,10.0,37.55
36,26,52,11363.31,7047.13,4316.18,712.07,403.94
36,31,9,1088.5,324.0,764.5,104.0,18.0
36,34,1,-5.88,38.0,-43.88,0,0
36,38,52,964651.64,944597.63,20054.01000000001,72472.01,68113.57
36,40,52,533213.75,550770.48,-17556.729999999996,40468.62,42948.53
36,42,52,4817.96,5285.49,-467.5300000000001,439.83,352.73
36,46,52,114044.77,123048.41,-9003.64,8121.51,9277.15
36,52,1,0.75,9.37,-8.62,0,0
36,55,35,1194.98,4825.29,-3630.31,126.73,259.94
36,56,5,1581.65,1197.0,384.65000000000003,569.08,507.5
36,59,12,696.94,321.63,375.31,218.0,17.91
36,60,52,7257.0,9196.0,-1939.0,801.4,475.2
36,67,52,30594.47,33739.15,-3144.6800000000003,2059.55,2526.8900000000003
36,74,52,27038.83,29409.62,-2370.79,2048.1,2454.2
36,79,52,826857.59,929297.09,-102439.5,56606.26,66677.85
36,80,52,875249.65,1149752.28,-274502.63,66692.65,85601.45
36,81,52,546880.42,639217.62,-92337.20000000001,41752.64,49264.05
36,82,52,274161.95,264254.01,9907.940000000002,23282.11,21529.989999999998
36,83,52,103940.43,180475.26,-76534.83,7933.26,11588.7
36,87,51,13154.45,16167.08,-3012.63,1329.9,1459.74
36,90,52,1507936.44,1908512.02,-400575.58,118244.09,145111.66
36,91,52,489048.43,594738.0,-105689.56999999999,35619.71,42525.99
36,92,52,1821579.06,2372215.84,-550636.78,142772.18,188822.95
36,93,52,880735.75,1355997.77,-475262.01999999996,75443.51,117197.64
36,94,52,1768108.83,2429897.75,-661788.92,133277.04,176580.22
36,95,52,1785655.6,2086487.17,-300831.57,130301.06,151074.14
36,96,52,742905.91,834966.58,-92060.67,66378.66,74265.15
36,97,52,277008.98,347709.82,-70700.84,20516.7,25952.57
36,98,52,356850.44,486936.52,-130086.08,31623.809999999998,41917.979999999996
37,1,52,600292.96,572190.84,28102.12,42664.88,42874.27
37,2,52,879509.44,861738.79,17770.649999999998,61636.81,57825.32
37,3,52,67460.26,71941.71,-4481.450000000001,4422.76,3882.49
37,4,52,937340.21,922422.68,14917.529999999986,73818.2,71253.42
37,5,52,57296.98,61794.26,-4497.28,4796.38,5008.57
37,6,44,1458.88,2055.75,-596.87,136.16,205.95
37,7,52,42447.84,41840.55,607.2900000000006,2679.4,2736.2799999999997
37,8,52,870013.57,829409.28,40604.289999999986,63118.59,61365.43
37,9,51,6492.27,7747.42,-1255.1499999999999,238.58,263.94
37,10,52,21066.68,19268.89,1797.79,1484.65,1352.37
37,11,52,94818.07,95664.6,-846.5299999999992,7330.84,8217.14
37,12,52,12301.93,7908.59,4393.34,775.89,511.23
37,13,52,879740.22,863183.19,16557.03000000001,65035.53,63840.020000000004
37,14,52,79407.75,72122.08,7285.669999999999,8540.83,8041.87
37,16,52,108539.09,113236.43,-4697.34,7900.2699999999995,8034.41
37,17,52,17548.86,17326.62,222.24000000000026,1213.7,1351.6
37,18,29,19856.66,11959.21,7897.45,1573.59,867.91
37,20,17,1566.0,1249.05,316.95,0,0
37,21,52,92075.21,101833.7,-9758.49,6970.56,8188.43
37,22,4,418.86,411.7,7.160000000000032,0,0
37,23,34,1420.33,1265.25,155.07999999999996,40.12,22.08
37,24,1,4.97,20.51,-15.540000000000003,0,0
37,25,52,3885.17,2782.65,1102.52,312.09,159.36
37,27,32,741.59,633.04,108.55,19.51,17.44
37,28,52,5201.67,8079.77,-2878.1,374.18,623.78
37,31,51,6959.95,4340.7,2619.25,421.53999999999996,522.3
37,38,52,3440080.3200000003,3565189.35,-125109.02999999994,228686.21,260087.32
37,40,52,1444542.58,1414069.18,30473.399999999994,106001.55,104551.20999999999
37,42,52,6601.18,5839.02,762.16,443.85,442.85
37,44,1,11.77,3.0,8.77,0,0
37,46,52,451849.52,444537.68,7311.840000000006,31461.47,28794.34
37,52,52,1528.37,1535.5,-7.130000000000008,60.88,138.87
37,56,38,14620.77,14532.36,88.40999999999971,497.21,134.58
37,59,52,5643.4800000000005,6575.54,-932.06,452.3,501.59
37,60,52,38730.2,41624.0,-2893.8,2587.4,2930.4
37,67,52,134192.06,117384.2,16807.86,9807.5,8623.68
37,72,52,11780.82,10213.16,1567.66,573.0600000000001,725.63
37,74,52,37657.72,35271.72,2386.0,3228.03,3227.34
37,79,52,390381.76,392482.35,-2100.5899999999956,28784.29,28617.14
37,80,52,564187.81,553807.48,10380.330000000005,39628.41,37948.32
37,81,52,563360.52,552557.73,10802.79,40360.67,40033.59
37,82,52,342318.48,295340.84,46977.63999999999,29665.699999999997,21949.84
37,83,52,119457.02,122125.53,-2668.510000000002,8314.41,8565.970000000001
37,85,52,5928.9,6495.25,-566.35,346.06,374.29
37,87,52,60417.72,57150.49,3267.2300000000005,4173.06,4717.1
37,90,52,2380620.37,2339590.81,41029.56000000003,185999.64,176522.46
37,91,52,1611759.02,1612303.48,-544.4599999999991,115486.48000000001,114532.67
37,92,52,3209400.22,3112095.33,97304.89000000001,255481.83000000002,246400.15
37,93,52,1182435.34,1126660.55,55774.78999999999,91033.51,84853.1
37,94,52,1738699.8699999999,1745576.16,-6876.290000000026,126197.57,121745.95
37,95,52,2716499.8,2646961.49,69538.31,195252.64,190402.93
37,96,52,1078088.05,1060872.66,17215.389999999996,91189.54000000001,94899.98
37,97,52,731680.5,743107.96,-11427.460000000008,52566.82,52390.69
37,98,52,273835.44,284739.69,-10904.25,22254.48,25970.15
38,1,52,410632.42,336160.24,74472.18000000001,30734.04,24045.09
38,2,52,616354.54,554909.17,61445.369999999995,45514.83,40266.020000000004
38,3,52,27455.28,28586.53,-1131.25,2218.02,1921.67
38,4,52,600773.71,548920.79,51852.91999999999,47814.08,45085.04
38,5,52,20860.95,18867.13,1993.8200000000008,2711.5,1574.43
38,6,48,1508.9,1898.5,-389.6,155.68,169.88
38,7,52,20658.27,20409.12,249.15000000000006,1788.68,1120.98
38,8,52,534911.89,482449.54,52462.35,39091.22,37005.31
38,9,52,3978.23,3784.28,193.94999999999993,210.13,159.5
38,10,52,19457.89,19126.22,331.67000000000024,1610.4299999999998,1598.27
38,11,52,43878.07,37257.7,6620.369999999999,3803.7200000000003,3553.83
38,12,52,3659.59,2847.39,812.1999999999999,305.04,187.72
38,13,52,544813.79,512697.9,32115.889999999996,40846.72,39674.09
38,14,52,53568.01,52098.909999999996,1469.1,6684.03,5870.7300000000005
38,16,52,40000.5,45350.56,-5350.0599999999995,3357.88,3364.56
38,17,52,23940.95,22377.73,1563.2199999999998,1731.71,2022.29
38,18,34,15234.98,9287.03,5947.95,1726.1100000000001,1039.08
38,20,24,1545.07,1484.04,61.03,7.94,72.0
38,21,52,53436.34,53281.27,155.07000000000005,4082.76,3742.29
38,22,4,220.38,340.1,-119.72,0,0
38,23,42,1802.65,1641.73,160.92,57.49,108.61
38,24,3,24.44,10.71,13.73,0,0
38,25,52,3532.25,1974.69,1557.56,191.15,73.75
38,26,5,40.82,20.88,19.94,0,0
38,27,17,294.62,130.92,163.70000000000002,5.77,9.44
38,28,52,3599.44,4766.84,-1167.4,275.81,385.0
38,31,35,1155.9,1271.95,-116.05000000000003,16.0,102.0
38,32,44,2752.71,1211.11,1541.6,207.37,89.83
38,33,4,17.54,18.439999999999998,-0.8999999999999999,0,0
38,38,52,3747680.08,2582410.7600000002,1165269.32,270131.17,187585.48
38,40,52,912777.43,835656.98,77120.45000000001,68015.20999999999,61136.1
38,42,52,5764.95,5200.4,564.5500000000001,429.86,438.35
38,44,6,19.17,34.55,-15.379999999999999,0,0
38,46,52,274959.39,250748.25,24211.14,20414.69,17677.3
38,52,52,961.91,1222.6399999999999,-260.72999999999996,86.45,62.65
38,55,1,11.88,44.84,-32.96,0,0
38,56,12,1568.04,2702.52,-1134.48,13.4,113.01
38,59,49,3251.22,2514.53,736.69,516.64,167.72
38,60,52,21538.6,20697.6,840.9999999999998,1603.2,1742.4
38,67,52,44466.87,38716.98,5749.89,3753.26,2761.95
38,72,52,11052.44,8019.42,3033.02,847.0600000000001,614.05
38,74,52,20617.73,19246.43,1371.2999999999997,1772.0,1675.3200000000002
38,79,52,472140.02,447629.93,24510.089999999993,35673.77,32030.36
38,80,52,602554.61,583644.52,18910.089999999997,44763.8,43075.45
38,81,52,564834.73,525433.79,39400.94,41940.83,38224.47
38,82,52,328595.31,287156.28,41439.03,27213.05,19459.37
38,83,52,128949.87,121937.76,7012.110000000001,9795.93,9063.15
38,85,49,3056.7,4564.41,-1507.71,205.17,383.4
38,87,52,36818.94,36132.68,686.2599999999995,3066.81,2802.94
38,90,52,1967941.25,1795856.24,172085.01,154217.03,133585.38999999998
38,91,52,1410274.95,1297147.35,113127.59999999999,102948.62,89522.46
38,92,52,2585065.87,2311010.33,274055.54000000004,205668.52,179123.47
38,93,52,1080147.04,967471.93,112675.10999999999,88779.29000000001,73857.18000000001
38,94,52,1179021.37,1066235.64,112785.73000000001,85137.04000000001,74767.53
38,95,52,2321556.53,2109808.84,211747.68999999997,171386.47,149260.15000000002
38,96,52,691985.29,590831.66,101153.63,57091.5,49355.47
38,97,52,538720.38,512285.34,26435.04,39549.46,37185.55
38,98,52,266083.36,250162.64,15920.72,25750.15,21235.4
39,1,52,1277127.98,1095158.93,181969.04999999996,93767.88,80628.97
39,2,52,3833506.48,3427428.91,406077.56999999995,289750.52,243234.91999999998
39,3,52,1144087.1199999999,1050357.64,93729.47999999998,66665.22,54768.2
39,4,52,2566234.37,2267341.05,298893.32,200091.41999999998,178408.58000000002
39,5,52,1284006.03,1316129.63,-32123.6,155980.76,164475.92
39,6,52,214877.4,291509.42,-76632.02,40984.51,47610.47
39,7,52,2411676.49,2140342.12,271334.37000000005,264109.88,187692.69
39,8,52,1996218.22,1861824.76,134393.46000000002,146915.41999999998,134954.9
39,9,52,1101058.89,993018.65,108040.23999999999,89146.70999999999,71973.59
39,10,52,885367.19,733098.08,152269.11000000002,67506.62,51311.31
39,11,52,1202339.81,1033360.63,168979.18,100713.28,82056.29000000001
39,12,52,257660.5,231682.07,25978.43,18706.38,17477.31
39,13,52,3067518.38,2789792.79,277725.59,232521.13,205948.78
39,14,52,1241546.33,1093013.58,148532.75,135965.64,119504.65000000001
39,16,52,1323362.32,1327734.02,-4371.6999999999925,59346.86,45620.02
39,17,52,641886.67,584449.5700000001,57437.1,58837.71,49185.11
39,18,47,705229.38,663069.28,42160.09999999999,105986.05,104851.38
39,19,3,-65.26,7.029999999999999,-72.28999999999999,0,0
39,20,52,448865.29,393860.31,55004.98,35765.03,32552.65
39,21,52,381105.49,367803.7,13301.79,31057.9,27992.62
39,22,52,748828.42,670258.66,78569.76,73004.94,67891.91
39,23,52,1093640.29,931352.89,162287.4,81026.3,68164.45999999999
39,24,52,388271.03,319214.93,69056.1,29692.280000000002,21155.15
39,25,52,431507.58,359230.01,72277.56999999999,30413.42,23622.190000000002
39,26,52,538119.96,470350.83,67769.13,38696.9,34738.7
39,27,52,89864.28,72826.48,17037.8,7628.56,6442.44
39,28,52,36270.68,32515.93,3754.75,3078.41,2765.75
39,29,52,332086.51,280574.81,51511.700000000004,26608.45,22935.010000000002
39,30,52,212885.96,183583.87,29302.09,16019.0,11306.3
39,31,52,137415.1,113974.24,23440.86,8647.279999999999,5654.49
39,32,52,325080.5,319995.7,5084.800000000004,29512.78,24335.019999999997
39,33,52,397694.37,351161.86,46532.509999999995,32134.09,28280.28
39,34,52,932403.77,798698.48,133705.29,61719.74,54506.56
39,35,52,103966.61,111164.14,-7197.529999999999,8230.28,8210.52
39,36,52,109169.51,108131.96,1037.55,2756.7200000000003,4588.5
39,38,52,2539273.6,2153157.06,386116.54000000004,169872.97,148268.31
39,40,52,3415411.89,2976460.27,438951.61999999994,253114.24,227234.31
39,41,52,87898.02,62385.44,25512.58,9507.66,5925.25
39,42,52,217216.67,180409.52,36807.15,16715.690000000002,14610.91
39,44,52,243586.88,230013.09,13573.79,22517.46,22490.55
39,45,7,129.58,128.07,1.5099999999999945,5.97,10.47
39,46,52,1916554.53,1770005.12,146549.40999999997,135004.14,120232.92
39,49,52,449955.32,387637.48,62317.84,25490.21,28136.15
39,51,2,13.52,18.92,-5.400000000000002,0,0
39,52,52,104189.07,101167.43,3021.64,8063.9800000000005,9186.4
39,54,44,1565.94,1936.8,-370.86,180.72,247.76
39,55,52,610427.47,652764.98,-42337.509999999995,87415.49,84246.81
39,56,52,172700.12,215052.82,-42352.700000000004,8235.3,6029.84
39,58,52,175481.05,86010.97,89470.08,8655.0,8841.0
39,59,52,28905.6,47757.25,-18851.65,3861.3,7033.88
39,60,25,10926.0,7557.4,3368.6,360.0,316.8
39,67,52,659976.09,591228.15,68747.93999999999,49042.649999999994,46836.72
39,71,52,384625.06,318397.93,66227.12999999999,37742.42,32687.32
39,72,52,3094993.87,2938853.4899999998,156140.38,558482.14,491575.48
39,74,52,1263212.57,1114630.72,148581.84999999998,124170.61,106879.8
39,79,52,2254966.6,1986488.55,268478.05,171881.63,140594.45
39,80,52,667053.08,602406.98,64646.100000000006,49355.59,43767.65
39,81,52,1053295.74,990137.73,63158.009999999995,79997.33,73215.71
39,82,52,1406320.99,1176222.08,230098.91,126336.77,78473.12
39,83,52,311765.97,279171.43,32594.539999999997,24115.25,21306.03
39,85,52,95672.94,86459.42,9213.52,7573.84,6453.17
39,87,52,423129.31,327296.42,95832.89,37233.09,23931.64
39,90,52,4440741.76,4089290.55,351451.21,360643.2,314817.83
39,91,52,3260708.04,3101328.18,159379.86,237619.76,223924.18
39,92,52,6454241.55,5497572.63,956668.9199999999,528473.66,439998.32
39,93,52,2235611.47,2011479.66,224131.81,179855.62,159741.31
39,94,52,3270015.02,3085170.8,184844.22000000003,243155.41,221626.81
39,95,52,5724107.92,5184677.2,539430.72,422570.19,375624.79000000004
39,96,52,1523764.34,1378652.75,145111.59,147760.18,130329.76000000001
39,97,52,1308386.27,1244823.38,63562.89,97593.08,92508.61
39,98,52,548375.0,491491.72,56883.28,48706.23,44590.229999999996
39,99,6,400.28,1362.0,-961.7199999999999,20.1,40.0
40,1,52,980895.55,975283.88,5611.669999999996,74007.11,69009.63
40,2,52,1409514.35,1378207.52,31306.829999999976,105839.81999999999,98195.0
40,3,52,342039.09,337382.04,4657.049999999999,26606.66,25984.69
40,4,52,1296326.56,1256199.25,40127.310000000005,97001.79000000001,95548.27
40,5,52,902500.01,1004272.57,-101772.56,114040.18,112158.56
40,6,52,187662.02,209868.1,-22206.08,27459.44,26945.69
40,7,52,1036394.56,1017355.51,19039.05000000001,107160.47,95591.32
40,8,52,1826817.33,1745226.93,81590.40000000002,137077.89,131689.34
40,9,52,1015804.64,943386.49,72418.15,63204.64,52774.119999999995
40,10,52,1092919.66,1024804.34,68115.31999999999,91380.48,73309.62
40,11,52,689143.52,654747.24,34396.28,52562.83,50008.18
40,12,52,229715.91,213633.71,16082.2,14850.88,12541.3
40,13,52,1097647.53,1093855.53,3792.0000000000146,80001.38,83420.23
40,14,52,662743.08,654686.37,8056.709999999996,69981.08,66383.24
40,16,52,669233.83,607798.54,61435.29,25989.23,20592.05
40,17,52,406852.27,396269.54,10582.73,39412.1,33941.72
40,18,40,218907.15,232952.55,-14045.399999999996,29949.11,34276.380000000005
40,20,52,176798.5,181233.05,-4434.549999999999,14630.16,12942.81
40,21,52,341116.15,339461.82,1654.3300000000027,28047.93,25743.87
40,22,52,338666.92,332125.78,6541.1399999999985,34384.93,32573.329999999998
40,23,52,757139.63,722039.89,35099.74,60932.22,57444.48
40,24,52,158311.83,152766.12,5545.71,14928.26,12153.37
40,25,52,347258.86,346886.99,371.86999999999625,27941.96,24411.95
40,26,52,223392.82,218684.06,4708.76,19601.91,18543.62
40,27,52,54337.61,52743.36,1594.25,5086.81,4006.71
40,28,52,14934.36,15748.06,-813.6999999999999,1078.45,1264.09
40,29,52,174385.84,171045.7,3340.1399999999985,15903.76,14845.56
40,30,52,128967.63,130881.75,-1914.119999999998,9406.35,8794.32
40,31,52,64930.229999999996,68631.7,-3701.47,4904.62,4764.26
40,32,52,238936.73,245058.31,-6121.579999999999,20882.62,18663.87
40,33,52,165166.41,153992.13,11174.279999999999,15008.22,12075.49
40,34,52,362251.41,388256.18,-26004.77,24475.149999999998,26751.22
40,35,52,100553.08,109249.74,-8696.659999999998,6889.25,6843.32
40,36,52,39635.6,45966.26,-6330.66,3019.2599999999998,3138.56
40,37,52,114563.54,103742.07,10821.47,8632.18,7744.32
40,38,52,1969652.12,1901763.66,67888.45999999999,145443.7,121209.96
40,40,52,1810937.75,1708745.28,102192.47,133569.83,129818.97
40,41,52,17696.51,11262.63,6433.88,1929.8500000000001,1052.33
40,42,52,245687.08000000002,231405.05,14282.030000000002,17514.68,17515.93
40,44,52,183468.2,163811.99,19656.21,17350.13,13786.18
40,45,4,41.82,33.38,8.44,5.97,5.47
40,46,52,493685.44,502703.71,-9018.270000000008,38347.36,39352.94
40,47,1,-34.98,-109.0,74.02000000000001,0,0
40,48,42,35875.0,26126.0,9749.0,4570.0,2425.0
40,49,17,954.72,858.33,96.38999999999999,47.52,59.4
40,51,1,4.16,0.75,3.41,0,0
40,52,52,49520.81,48751.21,769.5999999999997,4435.1,4184.7300000000005
40,54,43,1470.69,3317.44,-1846.75,221.8,196.76
40,55,52,433194.64,508465.35,-75270.70999999999,65060.61,62563.67
40,56,52,198670.54,181049.49,17621.05,6746.02,4764.36
40,58,52,172874.0,150547.0,22327.0,12145.0,10027.0
40,59,52,10636.43,16022.09,-5385.66,1313.78,2077.94
40,60,52,7428.2,6120.7,1307.5,589.0,441.3
40,67,52,389830.44,347932.5,41897.94,29083.489999999998,26031.260000000002
40,71,52,117709.64,116779.2,930.4399999999997,13013.51,12960.72
40,72,52,2076051.18,2119824.91,-43773.73,291970.04,267145.98
40,74,52,511773.41,484256.55,27516.859999999997,46463.77,39348.88
40,79,52,704134.53,654142.4,49992.12999999999,55225.490000000005,48534.69
40,80,52,833252.42,851622.08,-18369.660000000003,61694.87,62617.009999999995
40,81,52,1059412.8,1044594.34,14818.460000000001,78141.87,73093.44
40,82,52,800836.61,696556.28,104280.32999999999,71517.38,53003.91
40,83,52,153359.81,180973.28,-27613.469999999998,15071.46,15989.58
40,85,52,98526.59,100921.25,-2394.6600000000008,7047.0199999999995,6872.42
40,87,52,1219932.3,1056447.94,163484.36000000002,93766.31,83997.05
40,90,52,3271988.23,3211609.32,60378.91000000002,263827.06,249877.39
40,91,52,2267229.23,2240791.54,26437.690000000024,177163.66,172699.45
40,92,52,5302736.05,4925194.61,377541.44,422052.77,379378.12
40,93,52,1464072.77,1418730.2,45342.57000000002,114709.22,107397.01
40,94,52,1946321.93,1961207.97,-14886.040000000015,137292.87,138313.33000000002
40,95,52,3510654.12,3373366.02,137288.1,263628.25,247308.93
40,96,52,784135.99,799447.12,-15311.129999999997,63227.99,64042.35
40,97,52,867892.13,897787.75,-29895.620000000017,65532.03,63566.880000000005
40,98,52,393631.18,430856.14,-37224.96000000001,32932.89,33864.97
40,99,7,185.18,800.0,-614.82,0.07,100.0
41,1,52,1336963.07,1205492.1199999999,131470.95,95449.45,83812.5
41,2,52,2664277.03,2500332.21,163944.82,197891.32,176282.45
41,3,52,941509.24,850164.91,91344.33,51788.21,46136.1
41,4,52,1709175.31,1586655.59,122519.72,130706.8,117347.75
41,5,52,1399938.53,1431627.1,-31688.570000000014,187666.09,182865.21000000002
41,6,52,258662.6,295522.38,-36859.78,38469.43,42586.99
41,7,52,1980648.78,1831522.79,149125.99000000002,204268.46,177149.53
41,8,52,1849824.15,1767735.0,82089.15,141501.19,130982.17
41,9,52,1831389.9,1632394.05,198995.84999999998,133775.2,99006.98000000001
41,10,52,830545.6900000001,782823.37,47722.32,57808.67,61289.59
41,11,52,774744.78,685011.62,89733.15999999999,59295.909999999996,54531.59
41,12,52,221331.23,213832.89,7498.339999999999,14968.74,13744.25
41,13,52,1757543.24,1682006.09,75537.15000000005,130747.36,120120.41
41,14,52,979603.42,898618.95,80984.47000000002,104430.94,94866.85
41,16,52,932639.85,871569.0,61070.850000000006,25001.14,20621.78
41,17,52,663440.01,613309.27,50130.740000000005,58325.78,50491.45
41,18,39,433973.08999999997,429267.73,4705.359999999986,72532.95,61478.200000000004
41,19,23,31471.21,19656.48,11814.73,1114.15,1148.55
41,20,52,286736.68,289610.97000000003,-2874.289999999999,22564.11,21933.14
41,21,52,264868.92,261078.03,3790.8900000000012,20290.760000000002,19628.19
41,22,52,566536.04,534760.32,31775.72,50899.270000000004,54752.79
41,23,52,1078287.67,981168.11,97119.56000000001,82012.47,75933.87
41,24,52,282293.58,267251.52999999997,15042.050000000003,24585.93,23382.94
41,25,52,420074.04,386048.85,34025.19000000001,28949.0,26886.489999999998
41,26,52,349303.81,336069.17,13234.640000000005,28365.78,32844.9
41,27,52,87993.24,67233.34,20759.9,7674.47,5253.78
41,28,52,26963.49,23734.26,3229.23,2143.4900000000002,1620.85
41,29,52,249611.71,213959.48,35652.23,21542.05,17115.58
41,30,52,155779.86000000002,139603.75,16176.110000000002,10524.47,7660.92
41,31,52,110488.88,111390.31,-901.4299999999994,6991.47,7061.9
41,32,52,302859.81,281231.96,21627.850000000002,22228.83,18611.43
41,33,52,307092.29,296308.12,10784.169999999995,27944.59,28571.29
41,34,52,688196.64,655927.16,32269.479999999996,44726.23,47347.1
41,35,52,121554.41,114417.1,7137.31,8912.64,6830.54
41,36,52,78749.05,88032.38,-9283.33,5625.1,5871.51
41,38,52,2746678.01,2447701.4,298976.61,189105.81,163903.24
41,40,52,3048188.72,2808915.47,239273.25,228138.37,204713.03
41,41,52,121740.37,103267.55,18472.820000000003,10766.740000000002,9385.45
41,42,52,288764.92,258654.51,30110.409999999996,20420.0,18068.280000000002
41,44,52,259719.0,236697.95,23021.05,21739.239999999998,23088.54
41,45,14,367.32,200.48,166.84,11.94,10.94
41,46,52,1574414.1,1470208.02,104206.07999999999,114240.85,100160.9
41,47,3,226.0,130.0,96.0,0,0
41,48,33,50989.0,27342.1,23646.9,3106.0,1480.0
41,49,52,362383.57,286577.94,75805.63,31062.33,20318.73
41,51,4,51.480000000000004,11.0,40.480000000000004,0,0
41,52,52,123225.34,94524.76,28700.58,10998.73,7795.44
41,54,45,1689.16,3017.88,-1328.72,191.26,286.72
41,55,52,502058.08,579157.8,-77099.72,81471.49,83939.5
41,56,52,387542.46,369359.85,18182.609999999993,5315.9400000000005,5477.9400000000005
41,58,52,323925.0,247934.5,75990.5,23780.0,19051.0
41,59,52,32146.25,54848.729999999996,-22702.48,4118.65,7832.97
41,60,52,26988.6,22422.4,4566.2,1774.4,1381.6
41,67,52,541951.8,485971.68,55980.12,39751.34,36307.08
41,71,52,292036.54,275619.83,16416.71,26929.61,25587.17
41,72,52,3106753.96,2959238.09,147515.87000000002,488103.88,460454.02
41,74,52,1009177.65,942814.94,66362.71,91997.58,84106.51000000001
41,79,52,1153909.52,1117769.51,36140.009999999995,86448.89,86177.9
41,80,52,956110.4,898945.43,57164.97000000001,68301.61,63928.33
41,81,52,1065839.75,1042079.81,23759.94,76489.92,74220.03
41,82,52,1118951.61,993215.69,125735.92,94667.87,73383.84
41,83,52,199676.77,201675.4,-1998.630000000001,15896.34,16731.75
41,85,52,133220.17,123186.69,10033.479999999998,8196.77,7645.09
41,87,52,697516.39,464115.99,233400.40000000002,56254.76,33451.6
41,90,52,3935247.38,3739548.5,195698.8799999999,309599.33999999997,285666.68
41,91,52,2837665.66,2746791.39,90874.27000000002,208448.39,201890.66999999998
41,92,52,6571203.49,6000460.32,570743.17,520222.25,473048.84
41,93,52,1974915.27,1834579.32,140335.94999999998,151543.41,139810.9
41,94,52,2571185.33,2397109.18,174076.15000000002,189837.97,176983.6
41,95,52,4864316.47,4549299.5,315016.97,352204.27,331133.65
41,96,52,158755.47,142252.33,16503.14,11714.79,10992.29
41,97,52,1082757.72,1027327.72,55429.999999999985,79886.56,73574.33
41,98,52,500508.83,496580.61,3928.2199999999966,42165.27,41519.8
41,99,9,1005.18,1540.0,-534.8199999999999,20.12,100.0
42,1,52,547550.62,531689.31,15861.310000000001,39653.36,38775.38
42,2,52,856207.72,831360.22,24847.500000000004,64430.759999999995,59485.13
42,3,52,43663.92,44143.51,-479.58999999999924,2628.31,2587.09
42,4,52,805909.91,774507.42,31402.490000000005,68859.59999999999,62838.86
42,5,52,42250.89,64530.54,-22279.65,3350.51,5929.3099999999995
42,7,52,36466.17,37976.46,-1510.29,2597.62,4576.19
42,8,52,1012678.05,934061.78,78616.27,78620.95999999999,70242.33
42,9,52,7902.09,6389.96,1512.13,360.16999999999996,376.49
42,10,52,22712.46,20566.09,2146.3700000000003,1731.33,1515.38
42,11,52,49417.39,50223.61,-806.2200000000004,4123.51,5413.39
42,12,52,5585.51,4041.3,1544.21,521.61,310.12
42,13,52,813033.0599999999,779972.6,33060.45999999999,63062.96,58451.8
42,14,52,78555.82,77204.7,1351.1200000000003,9895.560000000001,9420.26
42,16,52,51253.2,57274.07,-6020.869999999999,3747.2200000000003,4057.73
42,17,52,30886.68,25000.17,5886.509999999999,2403.11,2072.7
42,18,33,18167.05,10210.13,7956.92,1554.0,1022.63
42,20,15,1545.34,1053.59,491.75,0,0
42,21,52,61731.69,64506.14,-2774.45,5025.83,5162.33
42,23,33,1866.36,1153.26,713.1,74.42,29.250000000000004
42,25,52,4513.96,3023.18,1490.78,264.24,147.0
42,27,30,1403.29,540.74,862.55,106.03,7.5
42,28,52,2879.43,2883.58,-4.149999999999997,246.78,288.46
42,31,40,3674.31,1407.6,2266.71,62.0,158.3
42,32,50,2738.26,1652.0,1086.26,152.0,78.0
42,38,52,2243184.22,1847403.4,395780.82,144447.48,122278.56
42,40,52,1074628.78,1027966.43,46662.350000000006,80687.43,78563.74
42,42,52,9799.01,8919.94,879.0699999999999,793.05,631.27
42,46,52,326152.17,312084.32,14067.849999999995,23478.02,22273.68
42,52,52,1347.27,1970.04,-622.77,117.68,134.15
42,56,11,3023.09,3088.38,-65.29,0,0
42,59,52,5813.54,3219.51,2594.03,366.63,320.36
42,60,52,16507.0,17336.0,-828.9999999999998,1439.4,1161.6
42,67,52,66361.37,60842.15,5519.22,5163.71,4486.5599999999995
42,72,3,-139.87,-235.06,95.19,10.010000000000002,-237.03
42,74,52,16194.09,17190.17,-996.0799999999999,1398.0,1629.55
42,79,52,699180.15,716036.82,-16856.670000000002,54216.990000000005,53589.08
42,80,52,755739.47,804768.8,-49029.33,57117.54,61220.73
42,81,52,852341.91,840727.04,11614.87,63456.84,61431.44
42,82,52,405470.17,398348.17,7122.000000000001,34633.43,29685.32
42,83,52,202799.2,193319.53,9479.669999999998,14966.74,14800.25
42,85,49,2333.34,2929.17,-595.8299999999999,151.98000000000002,256.01
42,87,52,64947.8,53600.96,11346.84,5119.95,3235.7200000000003
42,90,52,2889313.76,2820881.43,68432.33000000003,230480.88,217399.84
42,91,52,2257655.82,2234960.76,22695.05999999999,166669.93,167405.63999999998
42,92,52,4582081.2,4350933.32,231147.87999999998,371662.72,349383.98
42,93,52,1801710.49,1708463.79,93246.69999999998,154297.46,139526.96
42,94,52,1926956.74,1840011.16,86945.58,145857.43,135224.99
42,95,52,3266709.56,3160079.36,106630.20000000001,240372.31,227631.76
42,96,52,848815.7,766217.63,82598.07,73336.87,63506.51
42,97,52,929892.73,917128.26,12764.470000000012,68921.53,66834.57
42,98,52,335978.98,345254.99,-9276.010000000002,31072.87,32444.120000000003
43,1,52,426563.96,348751.56,77812.4,26873.44,27790.489999999998
43,2,52,1032096.06,1034337.13,-2241.070000000005,77059.31,73663.43
43,3,52,53419.74,51197.92,2221.820000000001,3074.36,2439.95
43,4,52,916656.53,911969.24,4687.290000000001,81224.12,80791.73
43,5,22,17621.01,5443.04,12177.97,720.27,479.3
43,6,25,824.0600000000001,860.93,-36.869999999999976,211.72000000000003,160.01
43,7,52,25117.989999999998,19780.08,5337.91,2144.49,2776.25
43,8,52,678666.39,643016.39,35649.999999999985,50941.94,46907.520000000004
43,9,52,9847.69,6735.44,3112.25,491.23,213.01999999999998
43,10,52,25632.23,27082.55,-1450.3200000000002,1778.01,2371.02
43,11,52,31077.43,31755.2,-677.7700000000003,2850.51,3672.84
43,12,52,3898.47,4508.11,-609.64,275.24,296.39
43,13,52,904457.85,872669.69,31788.16000000002,69120.11,67051.9
43,14,52,89697.14,78315.08,11382.06,11518.32,10091.0
43,16,52,114463.79,130263.22,-15799.429999999998,9035.91,10206.93
43,17,52,25546.21,35029.15,-9482.94,2588.65,2774.81
43,18,34,32417.72,21479.17,10938.55,2083.78,2412.51
43,20,25,1561.94,1005.27,556.67,56.0,36.0
43,21,52,79130.03,77284.15,1845.8800000000003,6051.79,6442.3
43,22,1,125.3,68.02,57.28,0,0
43,23,2,84.0,28.549999999999997,55.45,0,0
43,25,52,3284.48,4905.1,-1620.62,167.59,181.84
43,28,28,41.28,3244.62,-3203.34,8.8,331.16
43,31,24,927.0,878.24,48.75999999999999,30.0,14.2
43,38,52,3239871.11,2953957.08,285914.03,223066.63,213820.13
43,40,52,921864.53,897498.63,24365.900000000005,69779.84,66791.9
43,42,52,9250.77,9669.3,-418.52999999999986,700.5699999999999,756.4300000000001
43,46,52,328091.55,384096.7,-56005.15,22937.8,26439.18
43,52,51,950.91,2560.85,-1609.94,49.01,130.47
43,56,32,5417.43,6505.73,-1088.3000000000002,618.15,776.25
43,59,18,2049.91,2126.27,-76.36000000000006,357.5,325.40999999999997
43,60,34,11479.4,15848.8,-4369.400000000001,378.4,422.4
43,67,52,64928.82,56784.82,8144.0,4002.6000000000004,3701.3599999999997
43,72,51,8269.78,2197.21,6072.57,691.62,-240.01999999999998
43,74,52,38639.37,25848.04,12791.33,3033.8599999999997,2106.83
43,79,52,657477.52,685980.04,-28502.520000000008,46995.37,45904.61
43,80,52,885124.73,848986.1900000001,36138.53999999998,61893.399999999994,61129.27
43,81,52,1005457.62,961161.31,44296.30999999999,75753.59,71902.81999999999
43,82,52,431762.63,419510.67,12251.96,35106.31,30954.739999999998
43,83,52,245867.75,243061.97,2805.780000000001,15853.32,16506.05
43,85,4,10.34,60.09,-49.75,0,0
43,87,44,3983.84,3648.0,335.84000000000003,256.32,243.95999999999998
43,90,52,3291571.45,3272801.7,18769.750000000007,265439.38,252220.88
43,91,52,1708419.71,1711266.14,-2846.429999999993,120892.62,119294.94
43,92,52,4381657.15,4182501.32,199155.82999999996,351744.55,346706.52
43,93,52,1875875.2,1828968.01,46907.18999999999,152256.51,143215.38
43,94,52,2511520.61,2606366.2199999997,-94845.60999999996,179516.37,183350.75
43,95,52,3719396.88,3633676.74,85720.13999999997,279546.02,277105.75
43,96,52,1266227.83,1289522.18,-23294.35,119769.79000000001,124870.38
43,97,52,975901.04,972627.7,3273.3399999999965,71487.86,69610.95999999999
43,98,52,480809.32,496382.54,-15573.220000000005,47147.45,52491.8
44,1,52,446219.4,417023.84,29195.559999999998,32309.06,28414.92
44,2,52,523361.67,475651.87,47709.80000000001,36518.65,33246.4
44,3,52,32446.27,30093.32,2352.9500000000007,2003.24,1523.96
44,4,52,417074.09,374149.38,42924.71,31600.43,30099.16
44,5,52,52428.32,45245.729999999996,7182.59,4132.8099999999995,4696.74
44,6,42,1112.35,1419.92,-307.57,52.400000000000006,164.22
44,7,52,25007.6,26485.44,-1477.84,1903.45,2358.12
44,8,52,274092.82,252901.41,21191.41,20782.05,19077.49
44,9,52,4762.33,5407.52,-645.19,323.78000000000003,476.49
44,10,52,6419.17,9471.69,-3052.52,634.86,888.8
44,11,52,31590.93,34326.36,-2735.43,3369.9500000000003,3977.37
44,12,52,4725.04,3375.17,1349.87,284.34000000000003,269.46
44,13,52,395945.55,364616.38,31329.170000000002,29316.79,27887.16
44,14,52,41433.99,34582.97,6851.02,3917.87,3527.17
44,16,52,41268.89,44460.24,-3191.3500000000004,2929.43,5350.04
44,17,52,14601.77,16741.35,-2139.58,1093.93,1959.15
44,18,30,16346.37,12016.6,4329.7699999999995,1491.6999999999998,892.8199999999999
44,20,25,744.0,1166.37,-422.37,8.0,11.0
44,21,52,42751.19,37037.38,5713.81,3169.88,2936.42
44,23,23,430.48,306.68,123.8,5.97,10.54
44,24,1,7.97,5.97,2.0,0,0
44,25,52,2035.3600000000001,1486.83,548.53,88.4,152.0
44,27,17,272.69,148.65,124.04,0,0
44,28,52,3630.52,3703.52,-72.99999999999999,248.87,309.71
44,31,14,141.2,206.54,-65.34,3.5,6.92
44,32,45,1392.57,1409.62,-17.04999999999999,98.0,50.83
44,33,1,6.97,-3.47,10.44,0,0
44,38,52,2600360.58,2334630.99,265729.59,177017.58000000002,171566.59
44,40,52,842516.25,756411.02,86105.23000000001,62529.93,59509.45
44,42,44,1798.02,2599.03,-801.01,184.99,177.43
44,46,52,305319.73,307135.67,-1815.9399999999987,24079.3,20985.21
44,49,2,15.0,0.0,15.0,5.0,2.97
44,52,52,905.36,1647.93,-742.5699999999999,73.71000000000001,129.57999999999998
44,56,32,31658.64,17549.5,14109.14,721.5999999999999,194.19
44,59,34,1525.94,3426.8,-1900.86,241.55,461.73
44,60,52,19006.8,20266.4,-1259.6,1397.4,1408.0
44,67,52,64696.92,51987.8,12709.12,4971.7,3545.11
44,72,52,7638.99,3806.92,3832.07,589.34,436.08000000000004
44,74,52,24432.96,20091.37,4341.589999999999,2475.0699999999997,1720.23
44,79,52,247764.34,217596.5,30167.840000000004,18908.260000000002,15050.119999999999
44,80,52,280522.92,254226.63,26296.29,20777.870000000003,19124.83
44,81,52,406116.32,379135.99,26980.329999999994,27718.760000000002,26788.89
44,82,52,229082.69,201329.77,27752.920000000002,18142.79,14977.51
44,83,52,47588.28,46018.51,1569.77,3991.41,4098.92
44,85,51,6970.92,8874.06,-1903.1399999999999,732.0899999999999,571.3
44,87,52,16089.72,9858.9,6230.82,1289.09,555.17
44,90,52,1775084.3,1597703.89,177380.41,137120.4,122281.36
44,91,52,992697.18,924156.44,68540.74,71515.47,69330.39
44,92,52,2291346.92,1989081.73,302265.18999999994,170955.2,158039.55000000002
44,93,52,647518.98,555921.79,91597.19,47390.13,41560.86
44,94,52,1306043.82,1190905.38,115138.44,90208.44,83522.58
44,95,52,1747859.82,1542513.83,205345.99000000005,125825.23000000001,115701.58
44,96,52,144622.01,143207.0,1415.0100000000007,12119.74,12716.35
44,97,52,361049.91,342371.75,18678.16,25149.85,24703.51
44,98,52,177526.22,173430.41,4095.81,14332.73,15348.41
45,1,52,939133.86,926688.63,12445.230000000016,68379.88,59048.69
45,2,52,1904694.72,1806905.7,97789.02,146377.73,129834.32
45,3,52,520314.99,471683.47,48631.520000000004,60911.32,45060.76
45,4,52,1283157.85,1265222.56,17935.290000000005,103054.12,96274.09
45,5,52,824998.14,894464.4,-69466.26,112871.51,104174.87999999999
45,6,52,160327.4,196365.23,-36037.83,27060.85,30786.21
45,7,52,1309222.32,1342427.32,-33205.000000000015,147640.88,125024.54000000001
45,8,52,1816109.84,1753816.47,62293.36999999998,134478.76,128870.91
45,9,52,828104.27,759499.09,68605.18,62914.990000000005,46138.03
45,10,52,729623.26,724536.11,5087.1500000000015,50639.31,56252.8
45,11,52,742445.92,727542.76,14903.159999999994,47158.020000000004,48507.71000000001
45,12,52,192058.07,176745.52,15312.550000000001,12307.880000000001,11735.5
45,13,52,1397357.98,1381590.01,15767.97000000002,105055.3,100744.59
45,14,52,679343.54,651843.42,27500.120000000003,83243.05,72466.25
45,16,52,774304.35,802084.22,-27779.869999999988,22998.74,32599.43
45,17,52,564299.53,538897.28,25402.250000000007,51340.270000000004,45227.89
45,18,46,351070.68,347934.1,3136.579999999997,43870.36,45292.37
45,19,52,71392.88,72668.78,-1275.9000000000008,5236.5,5080.46
45,20,52,250645.95,256857.29,-6211.340000000002,21095.11,19827.07
45,21,52,202773.04,207323.38999999998,-4550.349999999997,15847.48,15408.8
45,22,52,416957.01,441372.7,-24415.69000000001,43558.03,44083.97
45,23,52,1213844.5,1186749.65,27094.85,102324.13,92383.03
45,24,52,299399.77,270309.48,29090.29,29694.230000000003,23806.35
45,25,52,435661.08,442194.11,-6533.030000000005,34442.08,38585.88
45,26,52,370380.23,381483.65,-11103.42,31440.41,31501.07
45,27,52,69403.45,72401.43,-2997.979999999999,6495.62,6284.55
45,28,52,34241.31,33315.64,925.6700000000001,3043.59,2622.33
45,29,52,259482.36,250759.71,8722.649999999998,25300.69,21403.43
45,30,52,152343.65,152114.91,228.7400000000025,11048.24,11611.43
45,31,52,135703.81,147842.62,-12138.810000000001,14792.789999999999,13663.01
45,32,52,257314.75,256916.02,398.7299999999998,30627.16,19463.56
45,33,52,274402.23,267630.7,6771.53,26998.72,23977.79
45,34,52,800175.62,675970.58,124205.04000000001,54314.5,47786.47
45,35,52,134516.47,133868.44,648.0300000000022,8504.16,8027.92
45,36,52,95357.89,91457.96,3899.929999999999,6780.11,4276.82
45,38,52,2901460.77,2797477.48,103983.29000000001,214702.91999999998,186266.76
45,40,52,2069800.09,2009963.82,59836.270000000004,155837.09,151802.39
45,41,52,129190.2,158703.32,-29513.12,10915.94,11427.5
45,42,52,247985.98,222415.24,25570.739999999998,18682.91,16509.51
45,44,52,143675.35,128221.97,15453.38,11699.310000000001,9321.02
45,45,2,20.91,20.91,0.0,0,0
45,46,52,760263.5,764766.76,-4503.260000000011,62749.409999999996,58528.75
45,47,1,95.0,124.0,-29.0,0,0
45,49,13,233.28,686.01,-452.72999999999996,61.43,62.28
45,52,52,71877.59,75576.42,-3698.830000000001,5398.68,5503.07
45,54,24,598.64,1046.66,-448.02000000000004,130.28,131.97
45,55,52,324143.87,342305.45,-18161.579999999994,52746.29,52444.84
45,56,52,176031.05,171625.72,4405.330000000003,3049.9,2825.23
45,58,49,75460.0,70846.88,4613.12,4570.0,6490.0
45,59,52,23439.73,46235.09,-22795.36,4673.1,7200.11
45,60,52,10694.8,8314.2,2380.6,706.6,482.20000000000005
45,67,52,352671.16,347175.21,5495.949999999997,28854.47,28970.16
45,71,52,222326.72,224284.33,-1957.6099999999979,27497.16,22529.6
45,72,52,2032795.21,2042577.82,-9782.609999999993,339173.95999999996,354156.67
45,74,52,542272.1,547917.6900000001,-5645.590000000005,53730.17,51793.74
45,79,52,790937.38,768902.7,22034.679999999993,62698.3,59373.479999999996
45,80,43,36677.62,27006.35,9671.27,2810.04,875.6800000000001
45,81,52,742309.89,782026.16,-39716.27,54579.5,57077.42
45,82,52,760981.55,729526.48,31455.06999999999,72173.75,51444.05
45,83,52,32321.4,40473.62,-8152.219999999999,2285.12,3529.18
45,85,52,100329.32,101727.96,-1398.6400000000003,7810.29,6499.93
45,87,52,384227.86,284621.44,99606.42,31715.95,21462.02
45,90,52,1277932.96,1253290.71,24642.250000000004,103747.6,95905.51999999999
45,91,52,869456.81,898318.49,-28861.68,62780.229999999996,64992.12
45,92,52,2619920.88,2500461.19,119459.69,211589.57,188353.22
45,93,52,139796.52,137151.21,2645.3099999999995,11098.59,9971.81
45,94,52,189149.49,251255.03,-62105.53999999999,15685.35,17675.56
45,95,52,2707548.22,2816409.78,-108861.56,195805.45,195395.28
45,97,52,336181.0,349550.49,-13369.490000000002,24835.47,25486.190000000002
45,98,52,36282.49,36095.64,186.8499999999998,2471.13,1891.3400000000001
